CodMunIBGE,VALUE (R$)
2904308,1378584
2201309,2551077
2200608,2691562
2411056,4398903
2206308,4802935
1712157,5017632
2411908,5116634
1704600,5275379
1720150,5283738
2200954,5287283
1702703,5434562
1711803,5460620
1715259,5555675
1718659,5561903
1715150,5574806
2205540,5631674
1720853,5661036
2209450,5667710
1720002,5669920
2204154,5675705
1720937,5706903
2210375,5711734
1600253,5715459
1718006,5728867
2210383,5729060
2210979,5734780
1712454,5794888
2200103,5882071
2208601,5884485
1721257,5887840
1718899,5901923
2203859,5951592
1721307,5951891
1703602,5954369
1715002,5965199
1705557,5973863
1703826,5976561
3157500,5980977
2201572,6014698
1711100,6033802
2209500,6064201
2207355,6064508
1713700,6092190
1703305,6092250
1700251,6111728
2207108,6112937
2200806,6117720
1709807,6139462
1718451,6152581
2504850,6160922
1718881,6179321
2211605,6182303
4107520,6199426
1701051,6200692
2210953,6203498
2206001,6209668
2206951,6227231
1713957,6273011
2209609,6275909
1715507,6275969
1704105,6276443
1701101,6300625
2210391,6308853
2207934,6316986
1719004,6319889
2205250,6323452
2207850,6355238
2209757,6356331
1600550,6356772
2207793,6365505
1712405,6382180
1714302,6385933
2513943,6426220
2204600,6432181
2201556,6434517
2209153,6437748
5101209,6440160
4110052,6458883
4311429,6477971
1720309,6481430
1703883,6496578
1715101,6506961
2513851,6507085
2110906,6509854
5107883,6511055
3147501,6512638
2201804,6534873
2208551,6540810
2510659,6551219
5209457,6552977
2201176,6558660
1710904,6558986
2517407,6570503
2404804,6609557
1705102,6618948
1717206,6621658
2211407,6655852
2206753,6657487
2202075,6662128
3103306,6667133
2207553,6671650
3556958,6674187
1705607,6689145
1718402,6695777
5201207,6696047
3103108,6697555
1711951,6713455
2512788,6714414
5213053,6721769
4304853,6722177
1712801,6722651
1600212,6725395
2204006,6731105
1717800,6736374
2209104,6742908
1720101,6745722
4311643,6753737
3172202,6755804
2510600,6762784
1703073,6764643
2202737,6778990
2211506,6779369
3146602,6791589
2204105,6794803
2203800,6795732
5204201,6799684
2501153,6811700
1718808,6815795
3165800,6822938
2512606,6832001
2500734,6842600
1703107,6843987
2209955,6848948
3164803,6852389
2202802,6852777
1706258,6853160
3118502,6867982
2209807,6876564
4313466,6877679
2510709,6884183
2209351,6884452
2209377,6897279
1720499,6899231
3122801,6900409
2205359,6901203
2504108,6911253
3115607,6912341
3132800,6918373
4116000,6922184
2207306,6922336
2514800,6931833
2509370,6937374
5200159,6938329
4116505,6947043
3165503,6956546
4319364,6958895
5214903,6963809
2514651,6965632
4115903,6968450
2210102,6968707
5213400,6979566
5212907,6981400
3166600,6996747
5220058,7008723
2205300,7010881
5213855,7017535
1712702,7018397
2517100,7022920
3129905,7025098
1708254,7026514
1708304,7029881
3160504,7031447
2201929,7032797
4123600,7038506
1718501,7038630
4110300,7039538
3115409,7043203
4106100,7048061
2505501,7061282
2515203,7064411
2205581,7067265
2515609,7076783
2210359,7077569
2202711,7085469
4201802,7087701
2203420,7097552
4322186,7109292
4300661,7111176
4311239,7121376
2210938,7133621
5214804,7136411
2506202,7140992
1703891,7153829
5200506,7153931
2208874,7155878
3149408,7159258
3159407,7161896
2516151,7177749
2211704,7179993
2411429,7181982
2209856,7184384
2209401,7195364
2403756,7198070
2513968,7205011
3163607,7208527
4314787,7214819
2513927,7219138
2514602,7220882
3117207,7221953
4207858,7222851
2506509,7223409
3167004,7223918
2201988,7224251
2806909,7225173
2505907,7225956
2505303,7228127
2403905,7229139
3168051,7230740
3163201,7232266
2202251,7238687
3127354,7238963
3145703,7241035
3503950,7241839
2209302,7246159
4218954,7249704
2205607,7252462
2211357,7252590
5215801,7252979
5106703,7264927
5209291,7269130
3166402,7270736
1717008,7273426
2414902,7282365
4312625,7283391
2203750,7287575
4115739,7289477
3125200,7290174
2201002,7301626
2514008,7305978
3554656,7307033
3158706,7309893
3110400,7315954
3114907,7321912
4215695,7327250
5203609,7335784
3123403,7336670
4320578,7336967
5105309,7336993
5214879,7352747
3547650,7358416
2512200,7361192
2210904,7370602
5206701,7370964
3103207,7372689
3140407,7374826
4217154,7377869
3137908,7381792
2513984,7381923
2204352,7382063
3153806,7382368
3507209,7391118
4202099,7394282
3167301,7395130
3147808,7395368
4208955,7395456
2202091,7400982
4102752,7403549
5107156,7410017
3547205,7414134
3148806,7415620
4217956,7420100
4309258,7422333
1720655,7432240
3106804,7434037
5220702,7434538
5107404,7438078
4315313,7440344
2513000,7442968
2514552,7443016
2209559,7445659
3504701,7452640
2205599,7455791
3119906,7460896
4317251,7473533
2201945,7476377
3124609,7477660
3145406,7482039
2202851,7482273
3130804,7483008
4306072,7485465
2207959,7502509
4304614,7508459
2407906,7516254
1706506,7520271
3142502,7521437
4315073,7523009
2203255,7524924
2516755,7525359
1716307,7526280
5212600,7526418
4211892,7526708
3162302,7528462
2209005,7533107
5221080,7538781
5210307,7551891
4116604,7561456
5220280,7563226
2512747,7571256
4202578,7571646
3115201,7572060
2406908,7572182
2205565,7576701
2514701,7577315
3102209,7578619
2210052,7580874
2509602,7582178
4205357,7582231
4302378,7586770
2502201,7589297
3126950,7591223
2508554,7591811
1703057,7594083
2503407,7595457
1707306,7599422
2503753,7601964
5219456,7602804
4302055,7603951
4211876,7621278
2209658,7623801
1718907,7635926
3114808,7637872
5212253,7638791
3115904,7642631
3119708,7643777
1718840,7644020
4322343,7645073
2200277,7651570
4316733,7651761
4204756,7653011
2501351,7654318
3143708,7655015
2510501,7655308
5207105,7656149
2210201,7664855
4215059,7666262
4124202,7666758
3127370,7667265
2414308,7667431
4103156,7674782
5219506,7676606
3153301,7679865
5203939,7682051
3161056,7683457
5210158,7684453
3119005,7684730
3127388,7689925
3161601,7694693
3546256,7696280
2203404,7696299
3121902,7697420
4308052,7697591
4318432,7699686
3165602,7707578
3155207,7710461
4113106,7716288
2207751,7717720
2409209,7719299
4101853,7721181
3170305,7723845
4112603,7734165
5200902,7735978
2511004,7738675
3160603,7742302
2502300,7747665
4308250,7749690
5214705,7751252
4317954,7753170
2202133,7754032
5212055,7754186
5106455,7761614
3156106,7762963
3150109,7766364
1701309,7769789
3125804,7772521
2500577,7774359
2200459,7776088
2517209,7776498
1715705,7778889
5206800,7787177
5107198,7791358
2210623,7792926
2415008,7793057
2205516,7795939
4215604,7797869
3533106,7798346
5206503,7803645
5209606,7809883
3109253,7816143
4215687,7816480
2508703,7823877
2504207,7825770
2406403,7826289
4110656,7826470
3156205,7835660
4128302,7837637
3150000,7843304
3143153,7846069
2400406,7847061
2406304,7849223
4109104,7849449
3133907,7849696
4100459,7852055
3544707,7852406
2504074,7855854
3161650,7855948
1718709,7857824
2407252,7859170
2201408,7863309
3165560,7865150
4314134,7866364
5107297,7868439
4305835,7869597
4214102,7870942
4101150,7871641
5221452,7882884
2207777,7883669
5202809,7885888
4318457,7886353
3507753,7887107
4215752,7889197
3144201,7889661
2202539,7890719
4204459,7891381
1720259,7892859
2508406,7896299
1707553,7896688
2200251,7902749
3123502,7904764
5216908,7905457
3140209,7908574
2203271,7913150
3138302,7913718
3164902,7918756
5221577,7926560
3103603,7930285
4214151,7930564
1718550,7932308
2401859,7932675
3125309,7936232
4309126,7939282
2205458,7939565
3136520,7940679
2508802,7948966
2202174,7949013
4306353,7951508
4319737,7952303
4125456,7956561
4210704,7958520
2202109,7961632
2515708,7968447
4314753,7969540
4209458,7972058
2401909,7972716
2206654,7973537
4209177,7975104
4205191,7979484
3104403,7985746
4111308,7990422
3121704,7992637
2411700,7993839
5108105,8000782
2509339,8015691
4219150,8022923
3555703,8024983
4315149,8028420
3540853,8028654
5212006,8029276
2202729,8032100
2205904,8033088
3555901,8035238
5107263,8035908
3144375,8045667
5201603,8045804
3159704,8046543
4310751,8053154
1718758,8058490
2406809,8066814
4305116,8067995
3123304,8071034
4122107,8071141
1100262,8076031
2205276,8076789
3529104,8077169
4322350,8079441
3554755,8081384
4306130,8085063
2503803,8088754
2206704,8093783
3100401,8094803
2502052,8096251
2206050,8096645
4112900,8096801
3167905,8097522
2912608,8097626
5208103,8099703
1706100,8104133
2200905,8106217
3112059,8108598
3154705,8108639
2512754,8112901
1400282,8124349
2205151,8125021
3514957,8126907
2206506,8128641
5215207,8132194
3120003,8133219
2401503,8137955
4302584,8138435
3136801,8139671
2506608,8140274
5211602,8146236
2410009,8149300
1707207,8153354
5103957,8154039
1702158,8154968
3163300,8155277
4215901,8155332
5209804,8158772
3149002,8158792
2501534,8160497
2206902,8166682
2200053,8168031
3170602,8172733
4312351,8173016
3169059,8181128
3158409,8182060
5218391,8183957
4123105,8184163
2513802,8185956
4103370,8188551
3150901,8191927
2205532,8192345
3119609,8197845
2504702,8199120
1706001,8206740
4318499,8207362
2203354,8207847
4217105,8208281
2510303,8209151
3112208,8210583
2803807,8212152
1711506,8214109
3107000,8214339
2514404,8216141
3149507,8220825
3500808,8223270
3125002,8226148
3160009,8227651
5204607,8230346
4312674,8232441
4315172,8232630
3166501,8233803
2505808,8235275
2918704,8235962
3150307,8237289
4306759,8239473
4215554,8242834
5209408,8246597
4313441,8247200
2408607,8249586
2101939,8249930
3157336,8253284
3103801,8254202
4202081,8256028
4321329,8256088
3104452,8258865
3118106,8261047
3163003,8264348
4210050,8265232
5106273,8268407
4321493,8270124
2802502,8270403
5204557,8273501
4101051,8273840
4322855,8278884
2411601,8281667
3158805,8281960
4117297,8285542
5221007,8286941
1700400,8290029
5221908,8290825
3518008,8292021
2412104,8292977
3145802,8293676
4118303,8301609
3513850,8302433
3126406,8305976
3136603,8308159
4122909,8308261
4312179,8316726
4120333,8318513
3549300,8319942
2209906,8321212
4217758,8322381
2202653,8329991
4202875,8331704
2414704,8332153
4320651,8334626
4205431,8338973
2514453,8338987
2514107,8340231
4205159,8341740
3134301,8345995
3120102,8350145
2413805,8353598
3548302,8354133
4315453,8354492
3107208,8355557
2513208,8355874
4323507,8373619
1712504,8374423
1703909,8376118
3141900,8377451
3522158,8379480
3102506,8381923
3127206,8382058
2208858,8382551
4202156,8385627
4206751,8389408
2910206,8390435
2503100,8398876
5103437,8400744
4305934,8400779
2406155,8401270
4108551,8402875
4119251,8403149
2207207,8406235
5215652,8410569
2409605,8416215
3108701,8416972
3101300,8417086
4205555,8418750
4213153,8418878
2412401,8423234
2205524,8423589
2210631,8423589
2413557,8426535
4306551,8427265
2512762,8430962
2201960,8431116
2707008,8435435
3130002,8435657
3122504,8442137
4315057,8442607
2413300,8443552
4108106,8443556
4306924,8443888
3128253,8445699
4318440,8446528
3123858,8448934
2202752,8450020
3554607,8452018
4113429,8452209
4311270,8454989
4322376,8457747
3135308,8458479
3515657,8463166
2511707,8467408
3549201,8475888
4128807,8479036
2907400,8479362
3116308,8480291
3533809,8480304
2410504,8480496
2107308,8481085
4116406,8481153
2111953,8481753
5206305,8482636
4205175,8483036
5203104,8485424
3527504,8485517
3144904,8486620
5101001,8487081
2411809,8489581
4322558,8496918
5210562,8496923
2500536,8497452
2207405,8503305
4125902,8505622
3114600,8507235
3171402,8508449
4320321,8509153
3111903,8510255
5205703,8514354
4106852,8520767
2514305,8521781
3111705,8521884
2201770,8522189
4310876,8522767
4312138,8523904
4109005,8526265
4315958,8534927
2502706,8535332
2209872,8544366
4309571,8548736
1400605,8548856
4121307,8549608
4102703,8550932
4111605,8559226
3516507,8559730
4117404,8561262
4117214,8565386
4205100,8566399
2503902,8566963
3125507,8568708
3159001,8570079
2209708,8572109
2801900,8572758
5202601,8573910
2504355,8574944
4316428,8580304
5205059,8580680
3128501,8580686
3158607,8584020
4301925,8584951
2104701,8588217
2408508,8593002
3139102,8595513
5219605,8597022
4115507,8597124
4202537,8598434
3150208,8599914
2504504,8601867
2411106,8603856
3153202,8604052
4310850,8606850
2407609,8609836
4317558,8614182
3100807,8614487
2513505,8621437
3549003,8621667
3143807,8621750
3159100,8623295
3127404,8624639
3503356,8625871
4308854,8629726
3122470,8630305
4201653,8632634
3116001,8632852
2805000,8641117
1700301,8642014
3169802,8644078
3527256,8644211
2101806,8644823
4213906,8647601
3553658,8648886
3167707,8649477
3149606,8650392
4323754,8652922
4312443,8653567
3135076,8654882
4300471,8656572
3119807,8658134
3171501,8658438
2404002,8661062
3120839,8671402
3106655,8677862
2210300,8678271
2111573,8678392
4102208,8681824
2509503,8684113
4308433,8685079
3153004,8685124
4114351,8686407
4218855,8690163
4119657,8690794
4122172,8695266
4107124,8698238
2402808,8702928
4106555,8704736
2202117,8714260
2413201,8715347
2205573,8718817
4212601,8720961
3514205,8725309
4210852,8731468
3532843,8734874
3117405,8735279
2515906,8740135
2414753,8743741
3150406,8744886
4312955,8745704
4310462,8745965
3167806,8746052
2410702,8746373
4319711,8749690
3528908,8749746
4124301,8749897
3146206,8762792
2513653,8764017
4212056,8766981
1713601,8771659
2201739,8772199
2201919,8772317
3109600,8773342
5207501,8773662
2401651,8774153
3501509,8782459
4310413,8786170
4212403,8786772
5202353,8796647
5206909,8796857
4210209,8796956
2110807,8797686
3122702,8799001
3164100,8800101
3157302,8804660
2500205,8805656
4306700,8806971
5103809,8808248
2204808,8812026
5107743,8815538
3121506,8819367
4215356,8819608
2501708,8819656
3161502,8822143
4305157,8826649
5216007,8829183
4315131,8829800
3102050,8830045
1703800,8834060
3515806,8834791
5100102,8834835
4103404,8835650
3110202,8842197
3162575,8846781
3543238,8846834
3127057,8848470
2402402,8850109
3551207,8851398
4216354,8852042
3113107,8854916
5206602,8855272
4219408,8857088
2203008,8858604
1702307,8860292
3166006,8860855
3155009,8862235
1707652,8868766
2502904,8870272
3542800,8871683
4217550,8872787
3158102,8875627
4314456,8880897
2400604,8887124
2800100,8888617
2204550,8892177
2919009,8892439
2804706,8892692
2504033,8893351
2209203,8893568
4318051,8894415
1707108,8894561
3536257,8895222
4120200,8895298
4323358,8895766
3122108,8897492
2513307,8898335
4321469,8907258
3155306,8910179
4101655,8911942
2911253,8912429
3130556,8913241
3140605,8916244
3501400,8916492
4321626,8923683
4210555,8925835
3138500,8926082
2508109,8926581
2510402,8926726
3116407,8931536
2501203,8932538
2510204,8933584
5205208,8936217
4304622,8936548
4121356,8938602
3124401,8944602
3529658,8952514
4320453,8954082
2513604,8956032
2403301,8958484
4302154,8961675
4301073,8963643
3171907,8966410
3170651,8972832
1710706,8974900
2106201,8975010
1600055,8975446
2512721,8977213
3163508,8978738
4300554,8979590
2807303,8983438
4302600,8985971
4209201,8988196
1701903,8990336
2502003,8995416
3141207,8997810
2202778,9000096
2410801,9000756
4211256,9003978
3169109,9004663
2107258,9005386
3142304,9005481
3153103,9005665
3142254,9007108
3111150,9007694
4301552,9007990
5106190,9010268
3555208,9021525
3164407,9027939
2414456,9031141
3150539,9032507
3107703,9034135
2204204,9035462
3157278,9039518
2802601,9043625
2405405,9046328
4314555,9049747
3159506,9051495
3141702,9051573
2104628,9055927
3146701,9057270
3144409,9058322
4200556,9059844
2109056,9062444
3166956,9064457
1507466,9064535
1716703,9065008
2413706,9066280
5108857,9073439
2202554,9078522
2910909,9087106
5104500,9091472
4211652,9092524
4120408,9094742
3112109,9101074
4123824,9101929
1703701,9102542
2515930,9103853
3122405,9103952
3110806,9105880
4312377,9109096
3536570,9109269
3114709,9109981
3105301,9113693
1703206,9114308
3148202,9121349
3160801,9121494
4318614,9121952
2515807,9122579
3143609,9127766
3138708,9128976
4312427,9134805
3121001,9136499
4319752,9137489
3160207,9137576
3126752,9139735
4205605,9140491
1600204,9144884
4301859,9145517
2514206,9147602
4201901,9152707
4103479,9158660
2507804,9162545
2101350,9163943
2505204,9166639
2405900,9167009
4319703,9168935
3105707,9169771
3171154,9171438
4300570,9171457
4120101,9173676
2209971,9174343
5220264,9182234
3152131,9184614
3122603,9184828
3145505,9188312
4312302,9188667
4209805,9195542
4320859,9201395
3162658,9201521
2205854,9202974
4320354,9205132
2803104,9207043
3136579,9208733
3115474,9213163
3162609,9220627
1720804,9222817
2408805,9224919
5204953,9226312
3155108,9227360
1716653,9230668
3145372,9233094
2505600,9238100
3140100,9242784
4214300,9247797
3532868,9249848
4307054,9250036
3136553,9251511
2105906,9256587
3510104,9260542
3515129,9261148
2801603,9274699
2918902,9275388
2505279,9277495
3128808,9278056
3138674,9280093
2500775,9282258
4201109,9283571
2502607,9288338
4318424,9289143
3125408,9289573
2801108,9290907
5221809,9297979
4312385,9304277
5108204,9309447
3533304,9317440
2200707,9319196
5107750,9319528
4206801,9319719
4305371,9319723
4215208,9333402
5213772,9334597
4211850,9336245
2509396,9338016
3144359,9341682
3135902,9350476
3160900,9354406
2410603,9356366
2505352,9361351
2502102,9364316
3146255,9364640
4122651,9364657
3534500,9367187
3108503,9368683
3105202,9370353
5108808,9374631
4112306,9378988
2512804,9382254
3127909,9382270
4310652,9383135
3101631,9384878
3148905,9386068
2206670,9386241
3163904,9387360
4322327,9390586
4307450,9395951
4321832,9396406
2111672,9398172
2512077,9400995
2208700,9402688
2510006,9403775
5219407,9405426
2403806,9407136
3163805,9408011
5218706,9410123
3513306,9414835
1721109,9415885
5203962,9423114
3166105,9425882
4305587,9426599
3120607,9427648
2206696,9427670
4207759,9427688
4323457,9428886
4124004,9430216
5106851,9431728
4126702,9433990
2908804,9434876
5214861,9439835
2401602,9439937
2409506,9440090
2403400,9441209
5100508,9444080
2900603,9446016
3101409,9446372
2406205,9447426
3113800,9447511
3123528,9449646
5215900,9449875
3162252,9454660
3171071,9456159
4215075,9457873
4312005,9459952
3122900,9461114
4110904,9468438
4316972,9470921
3115706,9473391
3121407,9477886
3102407,9485598
4119707,9485951
3146750,9488532
3150604,9489660
4313490,9491150
4125555,9494169
3530409,9495556
2704906,9497763
5208152,9501503
3112653,9502688
4305850,9503610
5210604,9504698
2505402,9505009
3507159,9505102
2205953,9505423
4317756,9506701
2204907,9507688
5108303,9511955
2405207,9512092
5101605,9514092
3536901,9514817
3505005,9518307
4306320,9524421
3164431,9525326
3535903,9529179
4212239,9530020
2206357,9530656
4310900,9537123
4200051,9537987
4304101,9540476
3540101,9548923
5203575,9550221
4323606,9552517
2802205,9563536
4202701,9563660
5219100,9565837
2409332,9567594
2110658,9575441
4322152,9581292
4103958,9585745
4103024,9589897
3105509,9591455
1506401,9596544
4107553,9601611
2807006,9601874
5106208,9602394
3136108,9605595
3520806,9605887
3129400,9606783
4217253,9608037
3549250,9608287
4304952,9608835
3144672,9610571
4128658,9616822
4322525,9618166
2204659,9620104
2202083,9621252
1717909,9628518
3165578,9633902
3514924,9637741
5106315,9638258
3124708,9639740
5219738,9644078
3108107,9645234
4306379,9645440
4113403,9646467
3160959,9647743
5106653,9657108
3159308,9657362
4204178,9664335
2210656,9666674
4306452,9667162
1718865,9668342
1715754,9671082
2508505,9675684
5220686,9685283
4320230,9686693
4202438,9690836
4313334,9693425
2507606,9698192
2111250,9699289
4319125,9702897
4116307,9703286
3138351,9706687
2411007,9711735
3150158,9714450
2515005,9716130
2922805,9721649
4106704,9722890
3136959,9726152
4200754,9726560
3139250,9727837
3137304,9729892
3163102,9732258
4313425,9734218
1400233,9736476
2931103,9737502
3138682,9742183
4301958,9746849
3140308,9747141
2503605,9747760
2514909,9753472
3129202,9755382
3110103,9760567
3546108,9763061
3153707,9763151
2407401,9764455
3113602,9766585
4307864,9770562
5215256,9776619
4203154,9778959
3158508,9780422
3101201,9785288
3544400,9786184
3148400,9788282
2406007,9788328
5205521,9788981
5213905,9799072
2412708,9801191
3135001,9803632
2913309,9805777
5104906,9810706
4210902,9812753
3165404,9815687
4107306,9819017
3145851,9821594
2516805,9826784
3129657,9827436
3157658,9831641
3141306,9832880
2515971,9834413
3541109,9837008
3547106,9837702
3171709,9839384
2109759,9839434
4307831,9840557
4315552,9840959
4124905,9845787
3112406,9847585
4305439,9849103
4213351,9850478
3118908,9853231
4313086,9855905
2203107,9864160
4120309,9864725
2513158,9873570
3157609,9876624
4305871,9881640
4318465,9891267
3153509,9891527
1714203,9900671
4305959,9906289
4303202,9909380
2909505,9921358
4213005,9924875
3161403,9925879
4323705,9926857
3138906,9927695
3120870,9928033
4126652,9930909
3131109,9931964
2410207,9934096
3545100,9939404
4200309,9941353
3135704,9952446
3154408,9954554
3527702,9955449
2413102,9957369
3528858,9958368
4122800,9961757
2109239,9963165
2504157,9963260
3167509,9965304
2111631,9969296
5215405,9970613
3156304,9970747
4214904,9972741
3154150,9973758
4303301,9974675
3130606,9983005
3508900,9984463
3165206,9985530
1710508,9985607
2111722,9986359
2112274,9989178
3125606,9992382
2507408,9994470
2202059,9995046
4311130,9996949
1722081,9998376
3164472,10001145
4218103,10001416
4310306,10004113
4110003,10006326
4311734,10006756
3156452,10009591
3120409,10013889
3161205,10014590
3532702,10015654
2509156,10016195
5102694,10016428
3531001,10017917
1501253,10020469
2410900,10021108
4311791,10030096
1400407,10030910
4311981,10036589
3160108,10043339
3534104,10044569
4121257,10047955
4107801,10057623
2100550,10059381
2402907,10061450
2205557,10063274
2100105,10063946
4204152,10064365
4302238,10066138
4204194,10067312
3105004,10070256
5212709,10079486
4110409,10087293
2201051,10087720
3116902,10089763
4306973,10097323
3165909,10097863
3132602,10100135
5108352,10100445
5212956,10103504
3167400,10104123
4306429,10108710
4113452,10124221
2101970,10126993
4314498,10131137
5207352,10133240
3527801,10138056
2105658,10138493
3520608,10141647
4306304,10143103
2408409,10145620
1600238,10146137
4114708,10150309
2405009,10153842
3168309,10158268
4108700,10158330
4321634,10158693
2910776,10160449
5222203,10161556
3507456,10163839
4113759,10164138
2106672,10171721
3157401,10172286
4219358,10172907
3516804,10176322
4300455,10182800
2509800,10199501
2505006,10199649
4305975,10203972
4100103,10204860
4313607,10204868
3127339,10208548
4307203,10208886
4206603,10214475
4107702,10214687
3142403,10222518
3522000,10224531
4100905,10226155
2607109,10226203
2201606,10226224
2516409,10230352
3522653,10234286
3135456,10234473
3547403,10236699
2413003,10238810
5214101,10240058
1707702,10244948
5200829,10245277
5221197,10245640
4319372,10248965
4303673,10251320
3156502,10252002
2100402,10258244
2403004,10272499
3555307,10274775
4202503,10285891
2407302,10286614
3120151,10287607
1101468,10292514
3515301,10297229
4323101,10297697
2805208,10304224
4212700,10304430
2512036,10312034
4310538,10314737
3505351,10317297
3155900,10319372
4103222,10319734
3116506,10324391
3531704,10330343
2507200,10331646
3543204,10335626
4111704,10335864
2208650,10340443
2806503,10343482
5208509,10345237
2202026,10348796
3104809,10353296
3117836,10354874
3122207,10358794
4200606,10366693
3127503,10372624
1400704,10374803
3134509,10375707
2409704,10381976
3103702,10385091
1101476,10391021
4320602,10396054
4118600,10396982
3134103,10397475
5207600,10398803
4115457,10403170
3129004,10405856
2208908,10407500
3129608,10410213
4313011,10411374
3521150,10417345
3533254,10418375
3127305,10420202
3170578,10425202
4207403,10426047
1717503,10426294
4109757,10426960
2104073,10431385
4310702,10433226
4209508,10437180
1101450,10440264
3121308,10440857
3140530,10454263
4316956,10456423
2927804,10462121
2933406,10466899
3152709,10468408
2806404,10468506
3157377,10469927
5203807,10477228
3539707,10478231
4119202,10479675
4311122,10483636
3539905,10484158
4112405,10485127
3107604,10487283
1702406,10488388
4123956,10495612
3132008,10497473
3106101,10500045
3166303,10503753
4305447,10509215
3145877,10511274
4219853,10516229
4104055,10519727
3502606,10525444
3532108,10525837
3148509,10525891
2923506,10526297
2404853,10529400
3112505,10530443
3528205,10530941
3146552,10538639
4314175,10539115
4314209,10539158
4126009,10549156
3148301,10557083
2412807,10559787
3548401,10561380
3123007,10564989
3540259,10567800
2701357,10570880
4200804,10576377
2709004,10578152
5101852,10580752
3542305,10580892
4109203,10586626
3126604,10588150
3166907,10588918
4303558,10590942
4312104,10591653
2413409,10594266
4120853,10603665
4115002,10608191
3106606,10608643
4213302,10612638
3158904,10613372
4205209,10614955
3527900,10615940
5200175,10620669
3127073,10621461
4128633,10628562
1101559,10629584
5104542,10633905
3525409,10636373
5204854,10640670
3523800,10651288
3152303,10653094
3138005,10655468
4207601,10660104
3169505,10662977
3508306,10664460
2602506,10667669
2906402,10668867
4219101,10669435
2924108,10673406
3107505,10674430
5219902,10676892
2109551,10682063
3120300,10693691
3145059,10694154
3530904,10694712
3123809,10699319
2802700,10702292
3151008,10705238
3526308,10706141
4303400,10706984
1400506,10712280
3528304,10721791
2511608,10726864
4309753,10728056
4126900,10728205
2910305,10731822
3502408,10734870
2508208,10736666
2702207,10736775
2101731,10738082
4200903,10745440
4312054,10747272
3157252,10753025
4117206,10753335
3165305,10756389
1200179,10757005
3165701,10759210
2511509,10762100
5219712,10768845
4305504,10770157
3509957,10779038
4107157,10784600
1505601,10787202
4318622,10788695
4309951,10788980
2901502,10794375
4321352,10799392
3164001,10811504
4107900,10812204
4103206,10813478
1703867,10815896
3166204,10816418
4308078,10820479
4309159,10822983
2705309,10826565
4121109,10828644
5221502,10829557
4322541,10832874
4323200,10834023
1701002,10835226
3540309,10841481
4300851,10846247
2104305,10847358
2203453,10848869
2103109,10849695
4312609,10859729
3525854,10859943
3533700,10860239
3146404,10864167
2919900,10865120
5202155,10870625
4305124,10872289
5106000,10874050
3117009,10874478
4312450,10877715
4302220,10880054
4202859,10880979
3143450,10885269
4107546,10886014
4125407,10886930
3503505,10891090
3158300,10894101
3546504,10897375
2505238,10898910
4201505,10899681
2924900,10900309
4108452,10902652
4207577,10904211
4107751,10906765
2403202,10908400
4319356,10913093
4212254,10914794
3122454,10917648
3525805,10918286
3138658,10919141
4315750,10919559
3555505,10920258
2916708,10922963
4103503,10924260
3147956,10930789
4108650,10933835
3135605,10935353
4315909,10939890
4119004,10946613
3170438,10947415
2405108,10948489
4111100,10949711
3135357,10950784
4316477,10953087
5200050,10955585
4302659,10956742
2400901,10962640
1200138,10966008
2603405,10966942
4213807,10969116
3171105,10977322
3108800,10977822
2922201,10981929
3116704,10982556
5200852,10984244
4209151,10992601
2705903,10993786
5221304,10995763
4313391,10997477
4120655,10999389
2403509,11005347
4100301,11005801
4218756,11007441
3170750,11011703
5106174,11012109
2203305,11014290
3120706,11015320
4304713,11017337
3518909,11020705
4315321,11028618
2313708,11029718
5101308,11030517
3500758,11033113
3100708,11033738
4120705,11044812
2110856,11046186
1718303,11049569
3150570,11052427
2501575,11064900
2914208,11072091
3170479,11072099
3151909,11074334
2414159,11079097
2506251,11081509
4311908,11082600
2703908,11085858
4204103,11092178
3130655,11099731
2515401,11106430
5219258,11108138
4116950,11110128
4305405,11110822
4120358,11120021
3123106,11124681
4126207,11125564
3554904,11127452
4322905,11127504
4312203,11130913
4311601,11138111
2401305,11145404
3136405,11146529
5204003,11147521
2201101,11154959
2406601,11156606
4304002,11157535
3164506,11167332
4118857,11167790
1507755,11172046
4118709,11175213
4120150,11175571
3501202,11178735
4316436,11182900
5107248,11203421
2105948,11213059
4108320,11215463
3115003,11220170
3115458,11220669
3531605,11221084
4304697,11224593
2414100,11225066
2106359,11227423
3108255,11232360
4323309,11235447
1700350,11236301
3102704,11238383
2401701,11238906
2920304,11239080
2703403,11241039
3156601,11244402
3145455,11245497
5007307,11250541
3541653,11252335
3554953,11253874
3523701,11260564
2301802,11260579
2907558,11262844
3154457,11262945
2933109,11265242
3142601,11266615
3116803,11266664
3126802,11270162
3134806,11270949
2911659,11274011
3148756,11282983
2614402,11285006
1703842,11287181
4211454,11288780
5203401,11291409
4314068,11300105
4108908,11301882
4318481,11303092
3168804,11309392
4103354,11310863
4201604,11329313
4201273,11333789
4113254,11339001
2904407,11345659
4315354,11349110
3141504,11349449
3163409,11351026
3543501,11351212
2911501,11354479
3548104,11357906
4311627,11359141
2513109,11370994
2903102,11371909
5220157,11372650
3166709,11382621
4211405,11387387
3140555,11390143
4219606,11391997
3139706,11392043
3536802,11393689
2803708,11402928
3136504,11403529
4321477,11408767
4310504,11410008
2304806,11410756
4209854,11413353
5213509,11413417
2918555,11425366
3538303,11426893
3152600,11433156
2517001,11438714
4201703,11438872
4318606,11440626
4300877,11454049
2612109,11456742
3501103,11456883
3165008,11458386
4112207,11459381
3100104,11461810
3516101,11462806
2921609,11472274
2708204,11478746
2925931,11482504
2413508,11489247
4117271,11489611
4310553,11498182
4306957,11498930
2920007,11501824
3507704,11502097
5207535,11506674
4311254,11511076
2615102,11512240
3155405,11514184
4117008,11520539
5218052,11521920
4218400,11530114
4216057,11530502
5201454,11531282
2923308,11531679
2703700,11534983
4116802,11537142
3162559,11537782
2700805,11541868
1506906,11546319
3159357,11547808
4310363,11550437
4312757,11557477
3137106,11559753
4300059,11559764
2500106,11570095
3512506,11571133
4308706,11575059
3168903,11581689
2922854,11603293
2900108,11604518
4113601,11614769
2202505,11617379
2922730,11619283
4301701,11619624
2702702,11621189
2919058,11631696
2112852,11644909
3103900,11651420
3149705,11654347
3165107,11658010
2105989,11658260
2511103,11658737
3521606,11663533
2510105,11673232
2206100,11674496
2933174,11678011
3112901,11693680
2404903,11693866
4307401,11698438
5107206,11698901
2902203,11700280
5215009,11703000
4303707,11714236
3102852,11715385
4304655,11716082
3119955,11716464
2915403,11724055
4320305,11725723
4214607,11726938
2922755,11735948
2611533,11740379
5100359,11742793
4301651,11744284
4312153,11745607
4300638,11745992
2304277,11746681
3144508,11748201
3149200,11748366
5105234,11749990
3539608,11764524
4308805,11764967
3131000,11776143
2111904,11778483
2914109,11780528
4216404,11786245
4107850,11791099
4215653,11792210
1501758,11792828
3121100,11793580
3537156,11801091
4103008,11801775
2312809,11806294
4313037,11812388
2311231,11819524
2911303,11821483
5103361,11832489
4214508,11835713
5107578,11842374
5201801,11849040
4316204,11851814
3122355,11853601
4313805,11867691
3126901,11875750
5104559,11876786
1720978,11880359
4316758,11884505
3159209,11887619
2305100,11888273
4210407,11894411
4309654,11898287
4109658,11898944
4113809,11899381
2103125,11901185
3520707,11914970
4208609,11915202
2804458,11926433
3160454,11930260
4203105,11934863
5003900,11938130
4300307,11940369
4124509,11944112
4206108,11947794
3541059,11960204
2509008,11962517
5222302,11963248
3512605,11963279
4203253,11964698
2511806,11967678
4308003,11972470
3554201,11982488
2309904,11993385
3121803,11994698
4103305,12001905
3156403,12003731
1200054,12025337
2933257,12037648
2203206,12037708
3553203,12039160
2931400,12046913
2902302,12046980
4111001,12047811
4320552,12047882
1707405,12054139
1720200,12056183
3201803,12058307
2503555,12068127
4309803,12071596
2901957,12080894
4313003,12085269
2508000,12085810
4202131,12091931
2300804,12092863
3549607,12102023
2708709,12107081
3118700,12114357
4101309,12114946
3543105,12115282
4125308,12119114
4312476,12124088
3500907,12126273
3164308,12135066
4307302,12145798
3119500,12153075
5102850,12162137
4319109,12162148
3141603,12165763
3532157,12167104
3154507,12171766
3503158,12172453
4210035,12182790
2111748,12186157
3129103,12190447
2501401,12197512
4212304,12198957
3126000,12201140
3109907,12202711
1702000,12205309
5218102,12206858
2802304,12212919
1503408,12214241
4306056,12219752
1505494,12228040
2507903,12233324
4305603,12236631
5214408,12240520
4312807,12246534
2705408,12247194
3153608,12255457
4309555,12265131
4322103,12266857
2701803,12269451
1100031,12276483
2805109,12285446
3551306,12286941
4305132,12289548
3136900,12304880
3514007,12312240
1100908,12315762
4103800,12321532
4319208,12325944
3130051,12327552
5203559,12336561
4321956,12340016
5212303,12356007
3519204,12364088
1501600,12364558
3124906,12378816
3108206,12380026
2509057,12382200
4124608,12388126
2509909,12388478
4113007,12389643
5208301,12398724
3532801,12414297
3137536,12418360
4315008,12422380
3126505,12425797
5214051,12426661
2506707,12439706
3537701,12443617
2606705,12447882
2610103,12452328
4106571,12453920
5205802,12458952
2410306,12461236
3517109,12463209
2915908,12482937
2312502,12490263
5103908,12492229
2202406,12493022
4304309,12493547
3541802,12494772
5107776,12495981
3109105,12499119
4204350,12500453
5106802,12501264
2109700,12504444
2701902,12517949
4302253,12518381
3145356,12521956
3154200,12524755
2707909,12525072
2502409,12528368
3542008,12529965
2909000,12535662
2615201,12537468
1714880,12538879
4107108,12539767
2310001,12552443
4314308,12556274
3555802,12565839
2804300,12565914
3165552,12568020
3509452,12568639
3530003,12572871
3102902,12573935
2308807,12574284
3501806,12583897
1101484,12584308
4103040,12586243
3128204,12606940
3547908,12628963
2205102,12630091
3125903,12631324
4303806,12632632
1506104,12635223
2105450,12636753
4219200,12639128
2410405,12641399
2100873,12642514
2615904,12646507
3511201,12649347
4111555,12654684
2700904,12677336
2616183,12677993
3170057,12679642
4300646,12686671
4200507,12686873
2206605,12691791
2918605,12694091
2921450,12696389
4323770,12696506
2928307,12699262
4108205,12702867
4128708,12707424
3547007,12708692
3546207,12715419
4308409,12718114
4127882,12720044
4212270,12721154
2503308,12726739
4122701,12727176
1711902,12734315
4315206,12735335
4314035,12737389
2102150,12742929
3515905,12757242
5006259,12765661
4314027,12772610
4304671,12773863
5106778,12788629
2102374,12789036
5201504,12789748
3509809,12797629
4206652,12798897
2915304,12800277
2105807,12800465
3117900,12800475
2107001,12802659
5204656,12805367
4104105,12807180
1702901,12809033
3169208,12810953
4126108,12817556
4301800,12817970
2925402,12827454
4309704,12830818
2612802,12835643
5200605,12838246
3533205,12840953
4127908,12842083
2706604,12849969
5216452,12857738
2205003,12864977
4307559,12867858
2103158,12874217
3505104,12881307
2111003,12888290
3149952,12903996
5211008,12904165
4210308,12912035
3553104,12918028
5103106,12928001
5103452,12934563
2204402,12940596
4313359,12942259
3519006,12948505
2928950,12951913
3510153,12956220
3517307,12959507
3150703,12965718
4218251,12967261
4315156,12968309
3131802,12981856
3124807,12987627
4215679,12988397
4202602,12988605
2206407,12989047
3525607,12990460
3147709,12992272
4321857,12995778
5003504,12995803
3504305,13014002
2927101,13015606
1100296,13045740
2306207,13063975
5107768,13070919
2104503,13071753
2402105,13075167
4306734,13081414
2105963,13084263
1500131,13085727
4314779,13093052
3129301,13098769
3125952,13104068
2904803,13106302
2301505,13109268
4212007,13113293
5007505,13115594
4310405,13116707
4314159,13116941
4117453,13123427
4312617,13127279
4211801,13128374
5107180,13134016
2510907,13134081
4320503,13135293
2409308,13139688
4314076,13149479
1703008,13163285
4128625,13170934
4102604,13176053
4123303,13177300
5107792,13179655
1303957,13182318
3124500,13183399
2405702,13186237
3133204,13189725
3107901,13203430
2605509,13208735
5205000,13214427
3200359,13217916
3515194,13219316
3127602,13223244
3151305,13227063
1713304,13239318
3120508,13242561
3144656,13244209
1505551,13244341
5008404,13264652
4118907,13269819
4216800,13274165
2924678,13282329
3172103,13284748
4312252,13288671
4311700,13289741
4107405,13298496
3506201,13301148
5200803,13303095
2927903,13303795
3516853,13305300
4209904,13310462
4319307,13310992
3139805,13323746
4123709,13327795
3546900,13346459
3515608,13355154
2912004,13360682
4302204,13368075
3518107,13388680
4121604,13404254
5209937,13408123
5212105,13419215
2106003,13423576
2307205,13435345
4211108,13438106
3131505,13443920
4300703,13445677
3540408,13450568
5220009,13451134
2405306,13453739
2304608,13453844
3553856,13456299
5207808,13458137
2500908,13458926
2515104,13461597
4112751,13467424
2903300,13468285
4125753,13475855
3149101,13480660
3552551,13480685
3529609,13481288
3516606,13484997
2105922,13487625
4310439,13494101
3150505,13501847
3524501,13514818
2300606,13520833
3116209,13520968
2800704,13521770
2919108,13526295
3126208,13528527
2400109,13536050
3106002,13551333
2506103,13562997
1400027,13566909
2911006,13567542
3500204,13586676
3528700,13590431
5003108,13595375
5219001,13602818
4323408,13603489
3102100,13614746
3529500,13614876
2414506,13616805
2502151,13618912
3534005,13619375
4204905,13619931
4216255,13632168
2806800,13633893
4215307,13641852
2205508,13643421
2916203,13644016
3117603,13646398
4107736,13661694
2103752,13663209
4200200,13664566
2110237,13665469
3149150,13671774
4218509,13674573
5211404,13688120
2706448,13688163
4128559,13695171
2313252,13715214
1200435,13721703
4128401,13721936
5103601,13722170
3544509,13738982
4203709,13739374
3152907,13739609
2912806,13748848
2923035,13752852
3131604,13765758
3504800,13773847
5108956,13776355
5106265,13777289
5219803,13791299
3553906,13800095
4301875,13804409
2606309,13813006
4108957,13817908
3557154,13821617
3168507,13831018
5005152,13839891
2311207,13868275
2602407,13882126
3109709,13895135
3128402,13896515
4302451,13902662
4112959,13905795
1200344,13909451
2404408,13913962
2207603,13914731
1722107,13916964
4301750,13917717
4202073,13924622
2104107,13933646
4218608,13935647
2509404,13937578
3507308,13943136
4128609,13944532
3545704,13948624
3521507,13956233
3551108,13972658
4308656,13973201
2108405,13987015
4311759,13997178
4210803,14006995
1400456,14014666
2100154,14019100
4307104,14022192
1600709,14030642
3109204,14036606
3544608,14038798
5207253,14039924
2412559,14044477
5107354,14048100
2509206,14048393
2703502,14053867
3503000,14058877
3521200,14063277
2203503,14069333
2508604,14072442
4307815,14076093
1302009,14080525
3519253,14086429
4109906,14086630
1200393,14088782
3164605,14095678
4218350,14097479
4206207,14100966
3140159,14115892
2707800,14136779
2906600,14141056
1709005,14141210
4203402,14141903
2102408,14145742
3141009,14150283
3528601,14155052
3161304,14159095
4309506,14180114
3115805,14185905
2110278,14188190
2611200,14195520
3542503,14206758
2515500,14210750
1702554,14227690
2406700,14237154
4124020,14242602
4309902,14243057
3117108,14243316
5209150,14250151
1505007,14257173
3130200,14261596
3160306,14266852
3549508,14267847
1101435,14275174
4322301,14277256
3157104,14283348
3104601,14285381
2103901,14286859
2109403,14308868
1300060,14312251
2905107,14317412
2505709,14325076
3101003,14326001
2104909,14326776
2105203,14329707
2107209,14333098
2106102,14333769
5218607,14339609
4316303,14352224
2400802,14355148
2210805,14358471
5002803,14369383
1700707,14372398
2919306,14372750
3142106,14390003
3113503,14395585
1100502,14402744
3171030,14412775
2108306,14419387
3514700,14423313
2410108,14427624
4311775,14429864
2400307,14432036
2407708,14432857
3512704,14439546
4108007,14444086
2304269,14444404
3556354,14447412
4100202,14448329
3170008,14456694
2615508,14462936
2412302,14466267
3537503,14466679
2500502,14467431
2900504,14474755
2410256,14483056
3106408,14489239
3170503,14495329
1100601,14497085
3142205,14503431
2929370,14515842
4320263,14516792
3102803,14516805
5203906,14518852
2104081,14528556
3523008,14532233
3154101,14533321
2104651,14533668
3134707,14534970
2208502,14539652
4115309,14541168
2915700,14541267
4217303,14547886
2109205,14548799
2803906,14557048
4207684,14557783
4300208,14572667
2924652,14588103
4201950,14601797
1304005,14614997
3552007,14616884
4311718,14623678
3519501,14625154
5108907,14629343
4304689,14642822
2802403,14644008
3535200,14664864
2905156,14669817
2414803,14679860
2200301,14682356
3130309,14690118
2930600,14694828
4207205,14700795
2603306,14712696
5106182,14722464
2616100,14734882
3132305,14736878
2311009,14764779
2614709,14781921
5007976,14805313
4306932,14809338
4126355,14813749
3100500,14820021
5210802,14820535
3104700,14839236
2606903,14839433
2310605,14839596
2210508,14848609
4115754,14848787
5004908,14849301
5105176,14851536
5219704,14854604
4110078,14865048
1101104,14873163
4314423,14874549
2407500,14875611
3543808,14877171
3500600,14893417
2101772,14895392
2701506,14895727
4107256,14906216
2926905,14912800
2928505,14922374
1200328,14946514
2601003,14948153
5216304,14954268
4200705,14963071
3161809,14965049
2916906,14965662
4105102,14994996
1200807,14995904
4115853,15000460
2502805,15001666
4126405,15007280
2907004,15013396
3130507,15014483
4118105,15014625
4103057,15024397
2705804,15026004
4214409,15028331
5219357,15035484
3506409,15038385
5106281,15038679
3123700,15044408
2305704,15049423
2601508,15053125
4215455,15060866
3500402,15082342
3532207,15085111
4314001,15086594
2402709,15087365
3554706,15091967
2413904,15094313
4207650,15096111
4314704,15100108
2612471,15126078
5213004,15128335
4105003,15129288
2701209,15135779
2407005,15155310
3117801,15155390
2205409,15163200
4219176,15169562
3133600,15171413
4301503,15171607
2204709,15172265
2906899,15178075
2408953,15180323
2612901,15219007
3548203,15222435
3532058,15230374
2309102,15240671
4300034,15250168
4115358,15275178
2804102,15277380
3114006,15282630
3143005,15283738
4321667,15286315
2919405,15286399
3168408,15297779
2603926,15318702
3128600,15326089
4215109,15337116
2917334,15356200
4214706,15359606
4211058,15359690
3132909,15360388
2409100,15362588
4315404,15375678
3161700,15390400
3138104,15397939
2924702,15401501
2513406,15411276
2923902,15421508
3131158,15433596
2805307,15439595
2906857,15454964
2918456,15465108
3171808,15472638
2304905,15473767
4302501,15480371
2107456,15481919
4107538,15484831
3119203,15497533
3543600,15520211
2412906,15526559
2929404,15535306
2300101,15539848
2907707,15553385
2401800,15556152
3503109,15569038
2906105,15574717
3511904,15577388
5222054,15583180
2923050,15584387
3137403,15590240
3123908,15604092
3156007,15604754
2207504,15639329
3555356,15644452
3118205,15654350
4305900,15656750
4100707,15659032
3540507,15661765
2413359,15670164
2901700,15672344
2501609,15674076
2917904,15687316
3158201,15698429
2102077,15700499
4125803,15718680
4100806,15718895
5211701,15719452
2101103,15733485
4109500,15741956
2921302,15744497
3153905,15746586
2926707,15749938
4319802,15752823
2902252,15763681
3531209,15769022
5100409,15769234
2903953,15770594
4305009,15771563
4117222,15779063
3515202,15788512
2611408,15792395
3162450,15797915
5003454,15798683
3202009,15808869
5004007,15825879
4123402,15827669
4202206,15827818
3116159,15828474
3542701,15841677
4121901,15859807
2926103,15875886
3545159,15880321
3526605,15885000
1101757,15915529
3158003,15916299
5103858,15939523
2301257,15939572
3164209,15939917
2106375,15961447
2102754,15963716
1507102,15968038
1508357,15969368
4201000,15972972
3528106,15973725
2310100,15973998
2300507,15978236
2609105,15978609
3545407,15979088
3142700,15979973
5205455,15994868
2707404,15999216
2921807,16006217
1716208,16009249
4322251,16022499
4106456,16029925
4114906,16031834
4206405,16036358
1301951,16056734
3139904,16059770
2303659,16061405
4125001,16066127
3534807,16068625
2612703,16079145
5204706,16082180
4305173,16094345
1502855,16102678
2602704,16120079
2904506,16124963
3107802,16129627
4112801,16136766
3100302,16147133
3532306,16149606
2504801,16164736
2919603,16169746
3514304,16169787
2916609,16170008
1302108,16172986
3110707,16174667
5208400,16174928
1300086,16176672
4216107,16177441
3556602,16181547
2516904,16185632
4122602,16189971
3514601,16191123
3532504,16206784
3171600,16220108
4202057,16223087
2930006,16235850
2702504,16239819
3548609,16240807
3117702,16253741
5105200,16267084
2509305,16267440
3142007,16275956
5001508,16293235
4209706,16303423
2501906,16304540
2506400,16312962
3204252,16314042
3554409,16316238
2305654,16318954
5104526,16323417
2608255,16323702
3551405,16334503
3104106,16345318
2706422,16345560
2930907,16348257
3200508,16348760
3170529,16349866
2807204,16351197
3140852,16371589
2805901,16372366
3512902,16372699
4115101,16374563
2516706,16382041
4127809,16382951
5108501,16394192
5102793,16417709
3152170,16417739
5204102,16417942
1200252,16419184
4305702,16421603
4317004,16432457
4127957,16435039
2929750,16438688
3544806,16456761
4211009,16458492
4304903,16466300
4313102,16471326
5213707,16477544
4123857,16479985
1502608,16490002
2921054,16507170
2910107,16508808
3109451,16510020
5004809,16518982
2100501,16525558
4207700,16526381
5207907,16527756
3109501,16531966
2516508,16538513
2704609,16543097
3535101,16544037
3503406,16554989
3535705,16559400
2604403,16564231
4113734,16574149
5220504,16575542
3536406,16580897
2102358,16585591
2706000,16587351
4207809,16590619
2706109,16591604
2609303,16591992
4208708,16594617
2516607,16610409
3550506,16617750
4118006,16618372
4126678,16622319
2920809,16623205
3111002,16642578
2605806,16676837
2305332,16678770
3134004,16684178
2931707,16692635
1302207,16699085
4316105,16699506
3524204,16702987
2210706,16705819
2702009,16728771
2932408,16739165
1200427,16754168
2604304,16759571
3112802,16775401
2901809,16779566
3513207,16779939
3117876,16797344
2402501,16797565
2929800,16807427
2307908,16808821
3113909,16857778
1507409,16860579
4112702,16864887
3108909,16882940
4316501,16883923
2902658,16884760
3527009,16891830
3120201,16923267
4302402,16923327
4103107,16936926
3104304,16947769
3111309,16965398
2105351,16968057
4204707,16994577
4313953,16998526
1600535,17003015
3553005,17018827
3138625,17034079
5006408,17035806
4105607,17051850
4110805,17052308
4207908,17070079
2904209,17078614
5000856,17081817
4320206,17094017
2915106,17096432
2104552,17099622
2310951,17103418
3132206,17105270
2610301,17105547
2409803,17124335
4301404,17127550
4218905,17135910
1400175,17138864
5218789,17142518
2200509,17146890
3508207,17151558
2507309,17156341
1600501,17158252
4111407,17170227
2933455,17181268
1712009,17197511
4200408,17232316
5004106,17236866
4110201,17262219
2201150,17275801
3556909,17290254
3502002,17304056
3536109,17319288
3203601,17327141
1101807,17365423
5100805,17368322
4121752,17370029
5106109,17420849
4123907,17422385
3201100,17426906
1713809,17429435
2804201,17432232
4210001,17442104
1400308,17443676
1200708,17445832
4213401,17450093
4207106,17450479
3526506,17452407
3553500,17453918
2603603,17455614
5217203,17456323
3155801,17481763
2802007,17484758
2111532,17487605
1505635,17499692
4301909,17501043
2112001,17502679
2103257,17506184
3146503,17516438
2309805,17516780
2800407,17525687
2912509,17536508
3135506,17546590
4104709,17548320
3130408,17565821
3121258,17566620
3102001,17571783
4104451,17577831
2708956,17589746
4215406,17589770
2405603,17612340
2306801,17613400
4314472,17614622
4319158,17615719
5003751,17629214
2411403,17629758
3509106,17638237
4116109,17646325
2304509,17650419
2105153,17657070
5209903,17665394
2920452,17666262
4308458,17677680
2303907,17680409
1600154,17684555
1101302,17688571
2700607,17689853
3517802,17690793
4125357,17692531
3556107,17695520
3538501,17697022
3110301,17702330
1507508,17708779
1716505,17711169
5221700,17713183
4126272,17714601
2516102,17716410
3106903,17717385
3100609,17733436
2806008,17734150
1506351,17739585
3544301,17742708
2401404,17745741
2928059,17773503
2507101,17778381
3157906,17779933
2300150,17794058
2609204,17800895
2308377,17806142
1600402,17812977
3108404,17835148
4128534,17840846
3152402,17850383
2400505,17851552
4118451,17866266
3106507,17867244
5204805,17873870
2104404,17883972
2918209,17886202
5216809,17890802
4124707,17895521
4111209,17901742
2100832,17909176
5106299,17930608
5007554,17945807
1720903,17958713
1100072,17980659
2925600,17997752
5007703,18001156
1600808,18016039
4204004,18017219
2904001,18021218
2707206,18043328
2607950,18044123
2414001,18052732
2908309,18056167
3511300,18068986
3521101,18084595
2106631,18092670
1502764,18095869
1505403,18099002
2601300,18102014
2614303,18110727
3518859,18125732
2312601,18130657
2310902,18136475
3151107,18144682
4321436,18152081
2104206,18152858
5209200,18172246
2305266,18202486
2104099,18204720
5106828,18206353
2926806,18209693
5211305,18217850
4306205,18235006
5106216,18235313
2608453,18236891
2933059,18246966
2101509,18268986
3126307,18280360
3545506,18289538
3108552,18293311
2600609,18297367
4204400,18305326
3506300,18306116
2903003,18311375
4120507,18318750
2608404,18331411
4113908,18353201
1300904,18355365
4203501,18368553
2607703,18389521
3539004,18392779
4300505,18393390
4127007,18393926
5107941,18399955
5000906,18405973
4112504,18416205
2918753,18431448
1200013,18441798
4101705,18441887
2308203,18445295
1301654,18457857
4305801,18473785
2701100,18481834
1101203,18482374
2930766,18495493
2506905,18503189
3536000,18512331
3543253,18536248
2106805,18541163
2915353,18558128
2102507,18565123
2414605,18575446
5104203,18580091
2911857,18580148
1101609,18583654
4311502,18587085
4123006,18588186
3136009,18591955
2414209,18622407
2806206,18632006
3534203,18632591
5103056,18635936
4118808,18636771
2105609,18645818
2930758,18665397
4315107,18670407
4317707,18677509
2301406,18689026
3151701,18689765
2202307,18692064
4122503,18695261
2208205,18723723
2504900,18734271
3529807,18753587
3162948,18753992
1101500,18768282
3116100,18773810
4123808,18781375
3515350,18783448
4301206,18794056
4321006,18796590
4315800,18798270
2925709,18804814
2512002,18816572
3111408,18820514
3509304,18826044
2922656,18831253
2917409,18838143
2608057,18845519
2705606,18848346
5221551,18848477
2903235,18858112
4314464,18877948
3112703,18890978
2922052,18895304
4107009,18907912
3517000,18909987
3120805,18912290
3169000,18919610
2514503,18924394
4302006,18939187
3108305,18943251
4117057,18958774
3532603,18959923
2918506,18963022
3500550,18978360
2105476,18981326
3138609,18985554
3114105,18991148
2909703,18996758
2901601,18999663
2913002,19004941
4102505,19020561
5209952,19062116
1507979,19063293
3202553,19067217
5200100,19094582
2931608,19110209
2507705,19114640
1504976,19114924
3503604,19115667
2104602,19119510
3204658,19138841
4214201,19141887
4117107,19199999
2300903,19210728
3205150,19211447
1501576,19216734
3538204,19218252
3137007,19225517
2608701,19226060
4216008,19231137
4124806,19236448
2612000,19253726
2901304,19257316
4121000,19267467
2704807,19285246
2608602,19296615
2108058,19300074
4302303,19311800
4311155,19324662
4312906,19336335
2313559,19381413
3506904,19387793
2506806,19398085
4308300,19407054
2900355,19407789
1300102,19410477
2502508,19433860
2932606,19451770
2210409,19459809
3130705,19470383
4117800,19478998
2902500,19482666
3513900,19484500
2310407,19514782
4316709,19520740
2902005,19520899
1507805,19524148
2708105,19531202
1501451,19581976
2909406,19583176
3162807,19601711
2211308,19604427
2406502,19605196
2603504,19616063
4217907,19620977
2914307,19623254
2924058,19624445
1100080,19673644
2608305,19696427
2926657,19713933
2503506,19717960
5215504,19722579
2100808,19743137
4100608,19743380
3502309,19747311
4125100,19748884
2101301,19758699
2111029,19761646
3151602,19763805
2500700,19764082
3532900,19766980
2308351,19769479
3112000,19773322
2504405,19774631
2204303,19786816
2607000,19792293
5105002,19815194
4201208,19816387
3170909,19817321
2707602,19822141
3166808,19838103
3102308,19856418
3123205,19859123
2106706,19863745
2313906,19872472
2601805,19896437
2801009,19902154
3167608,19905158
5005103,19912168
5007950,19914326
2915007,19927605
4119806,19944813
3514502,19951753
2920908,19980879
2208809,19998815
3522901,20018954
2803401,20031697
2904704,20034953
5212808,20036302
4309050,20047802
2516300,20056535
4120002,20062414
4217006,20080940
4311106,20083806
4305306,20084735
1502004,20100882
2918308,20101406
5202502,20134825
4320677,20136617
2111805,20140506
2205201,20165820
3204955,20169383
2603108,20171230
5106158,20174823
3552908,20178224
4312708,20196048
2512705,20201457
2306009,20220751
3504404,20230217
3133006,20261117
4203303,20263879
5102686,20271723
2702801,20280035
1200336,20284374
2604700,20296337
4302907,20302430
5000807,20303210
4305207,20314320
2500809,20325303
5207402,20328295
2922706,20334782
2807501,20342899
2930402,20359711
4101903,20363052
3161007,20369926
3134608,20371578
4117255,20378133
3162203,20379456
2906824,20386373
3517208,20386833
2109270,20387599
2404705,20390536
4201257,20392294
3124005,20400491
3148608,20408157
2929057,20413607
5108055,20423907
2612307,20428964
1100379,20436134
2110302,20450995
2912301,20462793
3555604,20485223
2901403,20493988
4102802,20505428
2907905,20508765
4121505,20511423
1505650,20521114
2616001,20526971
4301107,20549832
3525508,20551698
4205001,20562319
3505401,20573709
4322533,20579898
2200202,20583104
4116703,20601247
2311108,20609407
1508050,20609787
2927507,20610979
3147600,20616747
3504909,20618109
2609808,20620431
3103009,20629113
1303205,20653644
2912400,20658792
3532827,20660612
3156809,20672656
4217600,20679926
2612554,20682213
3524907,20706276
2916856,20714180
3110905,20742414
3520202,20751393
4114500,20760791
2931053,20764330
2913408,20779357
2202604,20780862
3544202,20790343
2202000,20806864
5005251,20821727
3200706,20831469
3550803,20832434
2921906,20856942
2412609,20879937
2924504,20889392
3536604,20893874
3203163,20914929
2905503,20920312
2102606,20923216
5222005,20923783
3543709,20924621
2806305,20940012
5000252,20942882
2903607,20943192
3533601,20948432
3544905,20965350
1304260,20967749
2601052,20970945
3552601,20985515
3557303,20989948
1101005,20996955
2933158,21007787
3140902,21013167
4321402,21013737
2901155,21019551
2408904,21061286
2607406,21071775
3115359,21078577
2903706,21093749
2204501,21100959
3519808,21106532
5103379,21113051
3534906,21129762
3128105,21133135
5002001,21151844
3143500,21151845
2920403,21163041
4121208,21180465
3111804,21181282
4216701,21188396
3150802,21191287
2304657,21216063
3140506,21248865
4108502,21249367
2706505,21269066
2927606,21300075
1100700,21307754
2907608,21320131
3523305,21320672
2922607,21330778
1300839,21400901
2616506,21401027
4122008,21401241
3539400,21406779
3519402,21409667
2111078,21414565
2107357,21426742
4121802,21452000
3203106,21464075
2112233,21475328
3541901,21482308
1300029,21490028
2913457,21491769
5103700,21497675
3519907,21500098
4107603,21504857
2106300,21505553
5205513,21514591
2608008,21517814
1503044,21524938
5106240,21528814
3542107,21529872
3200136,21534125
2615706,21534611
3204401,21535232
2303931,21540483
4211504,21551113
2304459,21556403
4301057,21562320
2908200,21564138
2900207,21564796
2904852,21585339
4111902,21606372
3131208,21617655
2300408,21624236
4103909,21624943
2901908,21634818
3202900,21636900
2703759,21645032
2107407,21667715
5003488,21674668
2210003,21694422
2509107,21705404
2702553,21712672
2303402,21716016
2922250,21724121
2505105,21737902
4115408,21745431
5107859,21749288
3101904,21759035
3133105,21765853
2926509,21767961
2309003,21769404
4205308,21794013
2107704,21797194
2309201,21803939
5201702,21813463
2903508,21818138
5001243,21832448
2917359,21840085
2604155,21865198
3518503,21870654
2909109,21879565
2930808,21901425
2919702,21940908
5105580,21943026
4107504,21956476
2108009,21964063
5217708,21986914
4126801,21994781
2500403,21999140
4121406,22008883
2614808,22014232
2800506,22015248
2310803,22015411
2707503,22018418
3129707,22022219
2512309,22024052
4218806,22034009
2804003,22042635
2507002,22047497
1101708,22054246
5007802,22059401
1501006,22061426
3114501,22071226
4127403,22095936
2103174,22098718
1506609,22103933
2306702,22113898
3154903,22151652
2101905,22174387
2703007,22177450
3203353,22181646
1506161,22210584
2107100,22211374
3504206,22217798
2100204,22227954
3133501,22247513
2910859,22281296
3146909,22282022
4114005,22282265
2104008,22288375
4110508,22302368
2924207,22322025
1301803,22340780
3204807,22353233
2404309,22353446
4110607,22362840
3142908,22363892
1304401,22371991
2700508,22391816
2925253,22397344
4127304,22407342
4127601,22411919
4127858,22413324
2501302,22421592
2110401,22454833
2612455,22456339
4126603,22464536
2932457,22470687
3202256,22478704
4106209,22503346
3157708,22516858
1707009,22523240
3100906,22546214
2901353,22547365
2900405,22556815
1400472,22574816
1501725,22575912
5107701,22589103
2916807,22613067
1304237,22615360
3141405,22618357
4308102,22631674
3168101,22632042
3167103,22637146
2910750,22651010
3519105,22688548
2706802,22694218
1303304,22700800
2804409,22708472
1506302,22709526
5205307,22734819
2311355,22746168
2616209,22770641
3200169,22779661
2905305,22786056
2920205,22795297
3105905,22801150
3122009,22805867
3551801,22825643
2311959,22830435
4306007,22889369
2605400,22893958
3537206,22909374
3145109,22910284
3139201,22910415
2303600,22942694
2107605,22948540
3124203,22949304
2300705,22964746
4128500,22965003
2700201,22973213
3202652,22992500
3522802,22997765
2929602,23009187
4127965,23024046
2100436,23026762
2401206,23034982
2605152,23044253
3111507,23054029
3155504,23059165
2302057,23059734
2406106,23063846
2913101,23068588
4206009,23077621
1303601,23078055
2108801,23078701
3557204,23089090
2501005,23102990
2106409,23120998
5205901,23124862
1300631,23135941
2931301,23148692
2102309,23148957
2604809,23162656
2311900,23170862
2613800,23172404
2708907,23181783
2609154,23182385
1200385,23195424
3125705,23197642
2927309,23199324
4204509,23200739
2700706,23211149
3154309,23227235
4313656,23252893
2911402,23273199
2932309,23275512
3535408,23277188
3169703,23296347
1301506,23298050
3133303,23308829
2108108,23326972
3532009,23327443
2501104,23328079
2411502,23348158
2902609,23351038
3556008,23351071
5108006,23365453
1506583,23370397
2304236,23373258
5204904,23387372
2308906,23388606
4308904,23391885
4320701,23404748
2908705,23420536
2600807,23430004
2801702,23444882
3516002,23446553
2612406,23447505
2307254,23447789
3203809,23450023
1200450,23450983
1507151,23462594
4302352,23475001
3552304,23477978
3202504,23484523
2917805,23494008
3146305,23502035
2904050,23526166
2929255,23534109
1507474,23540485
2313757,23565654
1303007,23570279
3119104,23573174
1507904,23576133
4105706,23610566
2500304,23610577
1301308,23611223
2106508,23618243
2929107,23654151
2603900,23662192
2931806,23692046
3138807,23706114
4116059,23724360
2112456,23734431
3117504,23745120
4111258,23771507
1505700,23784288
3137502,23806091
4127205,23809193
3535002,23814403
3112604,23839214
5210901,23840567
2313955,23842026
5107008,23842456
2604908,23863017
4119103,23869661
2111607,23871978
3203304,23876669
2909208,23914513
2930303,23915450
2804904,23918336
1501956,23936630
2106326,23990177
2932804,24006853
3553609,24008290
2924306,24008481
2201903,24015800
1100064,24017292
4104402,24032158
2800209,24033429
3162708,24061751
2923357,24062654
3108008,24064154
2111763,24065648
5002159,24072007
2932101,24119648
2916302,24143786
2313351,24152499
4317806,24164205
2922409,24215462
4209607,24217814
2904100,24224171
4214003,24224840
2511400,24249606
2103802,24250860
5105606,24270272
2511301,24276693
4210605,24305440
2301950,24315329
2615003,24322311
2613404,24357244
3113008,24373477
4211603,24378346
3115102,24381172
5102603,24391140
3130903,24394058
3545001,24431745
4104600,24432232
2306504,24436096
1721208,24449037
4125209,24500307
2305209,24517142
1300144,24528455
3139300,24529398
3104502,24529930
2313005,24539035
3127800,24541602
2600203,24544496
2700102,24549433
4124400,24551628
3305133,24552889
4105201,24569343
1200104,24570993
5107107,24595018
5204409,24634180
4300802,24640842
2611705,24641813
4317905,24651746
5106372,24668972
2931004,24718365
4116208,24735933
2108900,24745440
2905008,24765283
3137700,24785894
5004403,24796899
5003157,24804256
3144102,24806859
4217402,24808131
2603801,24830394
2307635,24853947
2705200,24857234
4306502,24858006
1501907,24860969
3201001,24861381
2404606,24868216
4312500,24875982
1300201,24881979
3302452,24885219
2516003,24895166
2303303,24916762
2703304,24924186
3204500,24933816
2312106,24944134
1100924,24953686
2202703,24955098
2608206,24975349
2308609,24983304
2313807,25003615
5215306,25062599
2913804,25080391
3555109,25094750
4101002,25101743
4205803,25108558
2929701,25128346
4105300,25146049
1100403,25151431
2924801,25153108
4314506,25176108
2111409,25178037
3542909,25184215
1500958,25216468
2916005,25255137
3540754,25268620
2902807,25270589
5214002,25274716
2918357,25301356
2917201,25326671
3109808,25336223
2920106,25374766
3201704,25375272
2903276,25423895
2207801,25458292
3552700,25462926
2806602,25466842
2303006,25487714
2702603,25492635
2911600,25502600
2303105,25516840
2301851,25531608
2908002,25551315
3137809,25585686
1100056,25585699
3516903,25605697
2310852,25608591
3162005,25621245
4208807,25621627
1304302,25630722
2929008,25656807
5209705,25657808
1200351,25683875
4213708,25701147
3506805,25716486
1708205,25724289
3144003,25732853
2311702,25737157
2108454,25741311
2311264,25747331
3510708,25749505
3111101,25769859
2610806,25774767
1303502,25782160
1400159,25784137
2704401,25812062
4215505,25825757
1101401,25869132
3104908,25889622
4321105,25902514
4106308,25903702
2925006,25911824
1302553,25914764
2208304,25935141
2613305,25950406
2112100,25958075
3300951,25983514
4212106,25995695
3155702,25997559
2805802,25999711
2407807,26014219
4213104,26025794
2704104,26031639
3147204,26036254
4316600,26044555
2309508,26047498
2915205,26061864
3506706,26066820
4114104,26096862
2302909,26108528
2932705,26110981
4109302,26117458
5214838,26120866
2304350,26144934
3509908,26154046
1504950,26156533
3507407,26171480
2605004,26182081
1500859,26189032
2902054,26189070
2909604,26189403
3114204,26210600
3201159,26228016
2916104,26230055
3524600,26240660
4103602,26248328
2705705,26256108
2614600,26256522
2931202,26272541
5101258,26284153
2112605,26294731
2303956,26304089
4102307,26313905
3151404,26318316
2107902,26334552
2600906,26360317
2805505,26380260
2508307,26380279
2412500,26385456
2604601,26412673
4315503,26422754
3512100,26444349
2921401,26473930
2311504,26495281
2106755,26508718
2911808,26531000
2901106,26541231
2903805,26559408
2801405,26567475
4316451,26582916
2933000,26587825
3143203,26623807
3541208,26630203
2304004,26637652
2302008,26639167
2304301,26641752
5006358,26646470
2924603,26658951
2306603,26665463
2709103,26701898
3139508,26726931
5002100,26732914
3135803,26746400
2923803,26754025
2917102,26781295
2922102,26843862
2701605,26859834
3105103,26860795
2601607,26863417
2109502,26864090
4126504,26866456
2904753,26873627
2613206,26879927
2100709,26893927
2932200,26899426
3536208,26916355
2610400,26917626
3159902,26921701
5218904,26951305
1504505,26953297
3133402,26969624
2923209,26995428
3532405,26999942
2501500,27029151
2100303,27038099
2915502,27045280
4319406,27056342
2702355,27071890
3118403,27086292
3118809,27158040
3520905,27178482
2400703,27204710
1100809,27220725
2802809,27223441
3550001,27238941
2202901,27246876
4301636,27254986
3504602,27258149
4112108,27260533
2701704,27272836
4307500,27298332
2600302,27300942
4305454,27339413
3202603,27343113
3149903,27362530
2920700,27372607
5107305,27382168
2614006,27418172
5003801,27445799
3154002,27446264
2402303,27454588
3545605,27471311
3538105,27516528
2108256,27517667
3113701,27545143
4122156,27553060
3515400,27585263
4126306,27594212
2102903,27599218
4204558,27602953
4212908,27623086
3511706,27632040
1504455,27633319
2301604,27664764
2111102,27689419
4115606,27691583
1100254,27705226
2912202,27710137
2512903,27728891
2606101,27741668
2605905,27745105
2804607,27752358
3508801,27756376
2605608,27771993
2606507,27805286
3114402,27827292
2110609,27830512
2908903,27879841
3202702,27909043
1709302,27927470
2906204,27977323
4211207,27987736
2702108,27995315
4302709,28009098
1100338,28044122
4206306,28051946
3541703,28055496
4213500,28069789
5005806,28096626
3306156,28110141
2901205,28121638
2923407,28129273
5217302,28142876
2609006,28151741
3533007,28176747
2923605,28181263
1100346,28182635
2931509,28190038
1100148,28197198
3128303,28202505
4215703,28215019
2201507,28219325
3100203,28233957
4318408,28235872
3162906,28238910
2922300,28272008
5108600,28323896
4313060,28324538
1507706,28340826
5004304,28347401
5105622,28348581
1303700,28353640
3517901,28388663
1302306,28392955
4316006,28394844
4106605,28416524
1507003,28442058
5005202,28461517
2210607,28464601
5213756,28469489
3200300,28503932
1508035,28515370
2603702,28575435
5002605,28614245
4101101,28626381
3144607,28627471
2611309,28644657
2504306,28645871
2108702,28658409
2101251,28659411
3147303,28687508
2109452,28695813
2500601,28695964
3546009,28699507
3511607,28705297
3549953,28712477
4104501,28717603
2304954,28773014
2919157,28777123
2106904,28783963
2910404,28796254
1101492,28802462
1502772,28814350
2914406,28823756
2608503,28845091
3537008,28851043
2102705,28854809
2608750,28891770
2922508,28907772
3203346,28917132
4315305,28973194
5211206,28998251
3148707,29001998
5212204,29005283
4301305,29038213
3521705,29041664
4212205,29056245
4204251,29086786
1716604,29130640
3135407,29136139
2912103,29140393
2912905,29143257
5106257,29168212
3132107,29173483
2110039,29176627
5216403,29220378
2703809,29234067
4100509,29259320
5107065,29262729
1301159,29264394
2105104,29272616
3126703,29294418
1503200,29315811
2511202,29349076
2803302,29417767
3514809,29431808
2302701,29436525
2913507,29446083
5103007,29450393
3115508,29468975
3153400,29481501
4300109,29482658
2923100,29486985
3132701,29491652
5204250,29492334
3302304,29496281
3144706,29565895
3205176,29578298
5201306,29590047
4104428,29623781
2604502,29627798
2807600,29637626
5004502,29641082
2105427,29650054
2205706,29710820
1504000,29711011
2611507,29732872
2932002,29776238
2102036,29791259
2907301,29802496
3536307,29810396
2607802,29813279
2922904,29826309
2305605,29831217
2615805,29845457
2914901,29880549
1100940,29908692
5208905,29908886
2307403,29933677
2906873,29934648
2921203,29958335
4106506,30001475
2100956,30011562
2614857,30025231
2306108,30044146
4205704,30097551
3111606,30106000
2207009,30115830
4206900,30164828
3515152,30182699
3543006,30188439
2928208,30189453
2915809,30190201
3124302,30204224
2401453,30210897
5005681,30224395
5004601,30237152
2308302,30240269
3114550,30261661
2301307,30302083
3110509,30343181
1304104,30345513
3540804,30356032
3503703,30356959
4109708,30397494
2913200,30398467
2512101,30430586
2607604,30453741
3147402,30454907
2701308,30479631
4217808,30521491
2313104,30550808
5008008,30582497
1503754,30584834
3143401,30592877
1500347,30619238
3141801,30632181
3158953,30657467
2102804,30669920
2609709,30682153
2927200,30688495
2908101,30699747
3528809,30704303
5000708,30744479
4101200,30744866
2608107,30786921
1507201,30825397
3510302,30853103
4206702,30863027
4201307,30958626
2606606,30973113
3548054,30986495
2921104,30988088
1301605,31026459
3300159,31054789
3160405,31056777
3512308,31057012
2920502,31095869
5205406,31101859
4217501,31112480
2928406,31145308
2303808,31209699
4117503,31280521
3145307,31308032
2908507,31310049
2304251,31333698
3551900,31368487
3508702,31462803
4103453,31474834
5203203,31481662
4310009,31522565
3155603,31563261
4320404,31577853
2609501,31597642
2312700,31635328
4104253,31638077
1302801,31649117
2403608,31696439
2805406,31716517
5106505,31720140
2603207,31763317
3123601,31821568
4320107,31823256
2800670,31831838
3550902,31856354
4208401,31858737
4314605,31863346
2200400,31886663
2925956,31909679
3538907,31913369
3547700,31941598
3517604,31948467
2800605,31963151
2513901,31965170
4318507,31970148
2805604,31992392
2112902,31995767
2305308,32007157
3511409,32023689
2309409,32027793
2615607,32037734
5006002,32048006
5203302,32083930
2408201,32089624
1200302,32094479
3521903,32095154
2610509,32110033
3103405,32177837
4114302,32179613
4128005,32267726
2905909,32277031
2805703,32290716
5105507,32291168
2101004,32308456
2106607,32310217
1702208,32318526
2918803,32326361
5220603,32340821
3113206,32354512
1504059,32382094
4102901,32407687
2908606,32431884
5007406,32438152
2926301,32443541
3127008,32463583
2110203,32463749
2932507,32468385
2207900,32475096
1504604,32481623
1504307,32505055
4208104,32540627
2930774,32604637
3162955,32621588
3116605,32675403
2917300,32680204
3514908,32684823
3203130,32717435
4208500,32720920
2309458,32726898
2607505,32740057
4218301,32759296
1100320,32761903
5101902,32773642
2301703,32774890
2708303,32802929
5100607,32831426
2302305,32831771
2907806,32858116
3145000,32924463
1502905,32932445
2610202,32933999
2705101,32959399
4320909,32964499
3526001,32995979
4200101,33054694
5206404,33087396
3530201,33095720
3149804,33115670
5103353,33120422
2105500,33128057
1301001,33141348
5105903,33143252
2914505,33144433
1500701,33144689
4216503,33177957
5101407,33179129
5210208,33194446
1400050,33207787
1507458,33233849
2615409,33257583
4113502,33269285
3505807,33313019
5106307,33335979
4105904,33342886
3556800,33363353
3301603,33365276
2704203,33396516
3305307,33400527
1501204,33421093
2613503,33424492
4312658,33438814
2206209,33443778
4318101,33444397
2703106,33477799
3133758,33489530
2509701,33498711
5103304,33498975
2613107,33511982
2906303,33522888
4111506,33535645
5007935,33539761
3204005,33550609
2409407,33551934
3542404,33572276
2906709,33624572
2102200,33667295
2904902,33670167
3521309,33750573
4318200,33820747
5208806,33827807
2105005,33857119
4211751,33878510
1508126,33884659
2607307,33904245
2926202,33926245
3520004,33946135
1300409,33964519
3202454,34008014
4313201,34036496
2616308,34051442
3553955,34083997
2903409,34091930
4304663,34102970
1303908,34105845
2705002,34122564
4208005,34135937
2912707,34183457
2104677,34230611
1303569,34254052
2113009,34255293
2307106,34275910
2925758,34276873
1502954,34323961
4321808,34352977
2603009,34382408
2203701,34392604
2102101,34410346
2709202,34432056
1502756,34464702
3162922,34470203
2109007,34471896
2703205,34519893
2905602,34535320
2503001,34543743
5220207,34547078
2110104,34551370
3523602,34558054
2907103,34560017
2110708,34560632
2506004,34594317
2925907,34606282
2405801,34609090
2310258,34621209
3304508,34647148
3112307,34656552
4309001,34678861
3162401,34711379
4121703,34716736
2911907,34727660
2706406,34739105
3142809,34776711
3305901,34780977
4210506,34800975
4212809,34859947
2307809,34861164
2305357,34879574
2926400,34901700
2901007,34927895
2928000,34953669
3526100,35029439
2923704,35067648
2307502,35080550
5102702,35087150
4106803,35102711
4310801,35104510
4217709,35125432
2408300,35152287
4216909,35164258
4102109,35168987
2911204,35201481
3527405,35211085
4301008,35212073
3203502,35254117
2312007,35280595
1505031,35333749
2709400,35351314
3113305,35400232
2704005,35401268
5004700,35425090
1505205,35427082
4306809,35445042
3300225,35467762
3135050,35508423
4211702,35550827
3109402,35589518
5106232,35624378
5205471,35640543
3171006,35640624
1506005,35687854
2515302,35695674
3520426,35709034
4219002,35783344
5104609,35861707
2504603,35870380
4311205,35872220
2411205,35945550
2301208,35962040
5002308,35967230
3139607,35970767
3152204,36034579
4116901,36052044
2607653,36078006
2906808,36094994
3134905,36125624
3300902,36152081
2916500,36182438
2303204,36205186
3519055,36229159
2611903,36250873
3132503,36256086
5103254,36325306
5217401,36325802
2707305,36347134
2906907,36358091
1506203,36386375
1508209,36446268
2804508,36463986
4319000,36480235
2613602,36499987
1506195,36513947
2929305,36523700
2100477,36541833
2600104,36548403
1503077,36573307
3162104,36574278
4321303,36579997
2201200,36592487
5215603,36621304
5006903,36685948
3539103,36686013
2311603,36697684
1713205,36765135
2409902,36885767
1300508,36898301
3501004,36909748
2914653,36927721
3146008,36929909
3502705,36948520
3152808,36957238
4311007,36965452
3114303,36982884
4124053,37114971
4321907,37128298
4304358,37155922
5203500,37157302
4319505,37188452
4110102,37189884
3553807,37210517
3537909,37229135
4102406,37332651
3506607,37340242
2109809,37366659
4117305,37377364
2917003,37392685
2103505,37398286
5106422,37411629
3501301,37461787
4113304,37469095
2414407,37518447
1200500,37522577
3302056,37548266
4213609,37549981
2302107,37553787
2103703,37603038
4119400,37637081
5200134,37661457
2313609,37709713
4202453,37712509
4306908,37738619
1303106,37763026
5215702,37789243
3103751,37791614
3119302,37798632
3301801,37804478
3140704,37822906
3500501,37879772
3507100,37894511
3140803,37925998
2701001,37931241
3304128,37961203
2705507,37963645
2605301,38033016
2604205,38047052
4300901,38078374
2100600,38112181
3302809,38121742
3133709,38150796
2100907,38159880
3168002,38169710
3513603,38176269
2112407,38227184
4119954,38233925
3540903,38251449
5200308,38346320
3539202,38368404
3110608,38405577
2307007,38443273
5218300,38452332
2111508,38491991
2313203,38515220
3508108,38542374
3101102,38546310
3203700,38548352
2900801,38634403
2401008,38674878
1200609,38688178
2927705,38689103
2109106,38712819
4205456,38726155
3531407,38754848
3528007,38802259
3101706,38917521
2512507,38994266
3204203,38996745
2602209,39002679
1505486,39063846
2308005,39068032
2913705,39068847
3301157,39099659
2308401,39100434
2211209,39115032
3205010,39119428
2402204,39148336
2933505,39188472
5220108,39217479
4208450,39246284
4202800,39263783
1600279,39279687
3204054,39295435
4313375,39299511
4114401,39388865
3507803,39489382
5217104,39490233
2110500,39494387
3509403,39507956
3109303,39525813
5002902,39535676
2925105,39557874
4120903,39569727
2600401,39631155
3157005,39711968
5104104,39734124
4105409,39759192
4212502,39812670
2314003,39829343
3108602,39829811
1100015,39862575
2202208,39954024
2929909,39970667
4110953,40012182
3554300,40020502
4216305,40029101
3205069,40114354
1301100,40123185
3517505,40139865
3202207,40288934
3529906,40323506
1502301,40327631
3502200,40425230
4309605,40433568
3202108,40438504
2921708,40536296
5100201,40543060
3508009,40570575
2309300,40582986
2602001,40654286
2308500,40661541
3531506,40734016
5103205,40777416
3205036,40814446
2905800,40846908
3169604,40854953
3204351,40871016
5104807,40896509
2918100,40909789
4308508,40954850
2403103,41000903
2508901,41045665
1100098,41061103
2807105,41071299
3305703,41142439
4319604,41206779
1300805,41215942
3304607,41223916
3523503,41228487
4304200,41290442
2404200,41300559
4320800,41333484
2306256,41341369
2600500,41357989
2601409,41370002
2600708,41381404
3301504,41383082
1705508,41385822
4309407,41396851
5002209,41397670
3152006,41408525
2107803,41533444
2310704,41599880
2925501,41662927
2211100,41711956
3128006,41727999
5210109,41739736
3556305,41766599
3303104,41772161
5001904,41818272
2708808,41834947
2306900,41848193
4203907,41932015
2112308,41952646
3544103,41965342
4322707,42042930
5005004,42131188
1100130,42141388
2608800,42254963
2704500,42279341
3521408,42314297
3130101,42318356
3546306,42393514
3547601,42437346
3512001,42473807
1502707,42559112
2310308,42596321
3154804,42639446
3204609,42658808
4104659,42660485
4322202,42783465
4202107,42802187
2607752,42814825
1100189,42849092
4323804,42860436
3172004,42861572
2927002,42879447
3526209,42892054
3517703,42919315
4311304,42952776
3129509,42970830
1500305,43071482
1100452,43193063
2602308,43228625
1503457,43233295
1500909,43259738
2305001,43293299
2930154,43335429
4101606,43396973
3203007,43418628
2102002,43429461
1300300,43508169
2614105,43698098
4114203,43742939
5103502,43772571
3514106,43813925
5002407,43901340
3300506,43905855
3550209,43966587
3535309,43986635
2911105,44026250
4120804,44058492
3529203,44067023
4315701,44143290
5005608,44144011
3553401,44155944
3101508,44244150
2104057,44270455
3157203,44297933
2108207,44305577
4322806,44307036
2924405,44307561
2919504,44329022
2913903,44356034
2708402,44454304
1400209,44498699
1302405,44506511
3305158,44526213
3151503,44530191
1508084,44547180
2928109,44599214
4321709,44625359
3530102,44650872
4203956,44653990
3110004,44701726
3144300,44707605
2602100,44774177
3534609,44829049
1503093,44889001
3527603,44907968
4119608,44911642
3305406,44946058
2807402,44977766
2614204,45031536
5000203,45035287
1300607,45120993
3505609,45124078
3303955,45187629
2105708,45323589
4117701,45333065
3301405,45403228
3538600,45406367
3141108,45452187
3519303,45456545
3170800,45538569
2803005,45643674
4119301,45733652
2602605,45749070
2612604,45793884
3302106,45806896
3117306,45807896
3520301,45840044
2909901,45846704
4321451,45921443
4127502,45933011
4306403,45945077
3508603,45967936
3139003,46008019
3102605,46012434
2702900,46017324
2310506,46130220
4124103,46251422
2917607,46305287
3203403,46320093
1302702,46355667
3521002,46425723
2902906,46445992
1716109,46630789
5001003,46696394
5214507,46708153
1501501,46811326
3204104,46895250
4313706,46955786
2613008,46996301
2803203,47040792
2112803,47060383
5106752,47077390
2306553,47099286
2305902,47117052
3548005,47248461
4314803,47392950
4102000,47415744
2917706,47443936
2312304,47450612
5105101,47531740
3301207,47627304
3305752,47712990
3553302,47738860
2103406,47746473
3165537,47747429
2108504,47852957
2611804,47924951
4122305,47955045
2806701,47982978
4114807,47990075
3534757,48007482
3160702,48035471
2610608,48066410
3502903,48122616
1505908,48158237
3159605,48185244
1506187,48299180
3518206,48327291
5101704,48341476
3526407,48381556
2412203,48481966
1506708,48577792
4120606,48607590
4318903,48666489
5210406,48672141
4108809,48735213
4310330,48776339
3529708,48790865
2308104,48860713
4316402,48928994
3552106,48933234
3507902,48957841
2928802,48960149
4302808,49010314
2926004,49020978
4313300,49138344
1303809,49173053
3538808,49225416
3200805,49272545
3525201,49456067
4111803,49471613
3202306,49539268
1508407,49589704
1508159,49782341
2305803,49874852
4107207,49952796
1100106,50175734
4217204,50181900
4117909,50278273
3303005,50337322
4218004,50353815
4204806,50359186
2605707,50381709
1500404,50415940
5220405,50433907
2300754,50474502
1718204,50475088
2114007,50797060
4219705,50811573
3200102,50844121
2701407,50931203
3145604,50971341
3540002,50999399
4317301,51170454
4122206,51209473
1503705,51222792
3138401,51317961
4308201,51321146
3510807,51368476
5003306,51447872
3500303,51532377
3301876,51566899
3512209,51738258
5100300,51892155
1502939,51906811
2310209,51949751
3107109,51996856
3204708,52037888
2930204,52049431
2709152,52215351
1301704,52229434
3304102,52234115
3551603,52251489
1506500,52261566
3521804,52271742
2602803,52306156
2605103,52342548
3544251,52347559
4125704,52600514
2919801,52779087
2615300,52942225
4117602,52949369
2300309,53046058
1505106,53079037
3501707,53121999
2910503,53148842
5211800,53193914
2926608,53239925
2306306,53263390
4307807,53273962
3200201,53276365
3121605,53294265
2931905,53307894
1100155,53352643
2112506,53355628
3104205,53446728
5200555,53532232
2304707,53547166
2707107,53602925
2312205,53608234
2601904,53695999
3505203,53785647
5007109,53820073
2608909,53832772
2905206,53936337
3535804,53988981
3520103,54035817
3303856,54087281
3106309,54107179
2112704,54122499
4317608,54251315
3137205,54309395
5107875,54436604
3161106,54497894
3300605,54558638
2923001,54609856
3546702,54683939
2313500,54696744
4304804,54708295
3537404,54799149
3107406,55032257
3535606,55391382
4112009,55401832
3136652,55555337
5003256,55582146
2101707,55583600
4104006,55598966
3304409,55695188
4209409,55731757
3550407,55752328
3124104,55769494
3511003,55773645
2708006,55902924
3203056,55959194
2506301,55987786
3128709,56075600
3203320,56085947
3547502,56454390
2933604,56504849
2905404,56515946
5007695,56545958
5213806,56578486
4115804,56585796
3301108,56603370
3135209,56634851
4310108,56661417
3302908,56701914
2302503,56846594
5210000,56954163
2102325,57019006
3556404,57035809
3510005,57220889
2400208,57265834
2614501,57307943
4100400,57361835
5002951,57471832
5221601,57503551
2401107,57505923
2503704,57546912
5218003,57565636
2933208,57628664
3525706,57793582
2302404,57816600
3107307,57881012
2208403,57923392
2920601,58071201
3542206,58122166
2909307,58153495
2907509,58228635
4109609,58387572
5102678,58471015
4205506,58542680
2604007,58605763
2928604,58659050
3304805,58923739
4318804,59003561
2902708,59027478
4115705,59050694
2612208,59073528
2909802,59230651
2801504,59464784
3541307,59492954
2601102,59680401
4113205,59682728
3143104,60030478
3540200,60067663
5105150,60169636
2914000,60208889
3201902,60213636
3201407,60249116
2302206,60299790
3200904,60304685
1500503,60431850
4110706,60433775
2910701,60464240
2908408,60527640
2609907,60794927
3204559,60813935
1503309,60854463
1501782,60880811
1304062,61018115
3522703,61144891
2700409,61151742
3111200,61452542
3554805,61502494
1301852,61528889
3159803,61776367
3509254,61829971
2929503,61853558
1500206,61864980
1508308,61877183
2105401,61891163
2610905,62079788
4317400,62157133
1503804,62168443
3105400,62182421
3502754,62186992
3156908,62411543
5000609,62495650
3518602,62555909
5205497,62636395
1508001,62683229
3163706,62822216
3136306,62918202
1502202,62956184
4310603,63198245
2402006,63477548
4321501,63488488
2302602,63515122
4207304,63526383
3169356,63539321
2806107,63591170
4306601,63674372
4125605,63726952
4308607,63743463
4219507,64196314
2601201,64218658
2104800,64297016
4106407,64298548
2609402,64301644
2902104,64322499
2300200,64486635
3537800,64508068
2605202,64557536
4126256,64594742
3541505,64769981
2910602,64897640
1503903,64985422
4213203,65000730
3550100,65278662
3515186,65335825
5219308,65503305
4305355,65534015
2407203,65590736
3513108,65616679
5006309,65649196
2516201,65651022
2801306,65813737
2314102,65886802
1505809,65903514
3539509,66080486
1507300,66373403
5215231,66528619
5218508,66618958
3541604,66695221
2103604,66707183
1507953,66844985
4304408,66941048
2107506,66990338
2307601,67072735
5106224,67226563
2305407,67465571
3544004,67771998
2309607,67908316
3502507,67918096
4314050,67940221
5102637,67983653
5219753,68147819
1100288,68251740
2313302,68374562
3519600,68442847
3514403,68564639
1504802,68602310
2611002,68754279
3546603,68879464
3533502,68889734
2915601,69024268
3135100,69114489
2914703,69271680
1200203,69397489
3545308,69521104
5213087,69688721
2803609,69767839
3524808,69778500
4307609,69798401
3536703,69917938
3300936,70166521
5100250,70307471
4311809,70341243
3513702,70437416
4321204,70578988
5208608,70583534
5001102,70601684
4203808,70628684
1100114,70859297
3525102,70909131
4203600,71025452
2921500,71070887
3201605,71161471
4209003,71346728
2612505,71347187
4201406,71442005
1304203,71581122
3505302,71604177
2309706,71709760
3546405,71780770
4206504,71915507
2110005,71999008
3127107,72193104
3169406,72317198
5007208,72360613
2203909,72440977
4123501,72494701
2103208,72719370
3306206,72726927
1505437,72753055
1709500,72834403
3503802,72914475
4313904,73014667
3501152,73133844
3549409,73268709
2706901,73403647
2303501,73465515
2402600,73543500
4304507,73814993
3551504,73928574
1501709,73972110
2907202,73999067
1504703,74357541
3304706,74470941
3500105,74889382
2613909,75017525
3303708,75131529
3523206,75166495
3203908,75320843
1506138,75368501
3120904,75492874
2707701,75704749
4318309,76003638
2311801,76038825
2313401,76180395
2709301,76195567
3125101,76285587
4306767,76386671
2911709,76398113
3531902,76439765
2108603,76628622
2904605,76777841
2903904,77174572
3510203,77188150
2308708,77269918
2304103,77281812
4215000,77323585
4128203,77476391
4107652,77521431
2101608,77529268
2930501,77594405
4306106,77740544
4203204,77762899
2702405,77854681
4109807,77919145
4122404,78162758
4309100,78386556
2610004,78405089
2916401,78630284
3500709,78662244
3537107,78846811
5209101,78856884
4218202,78868833
3126109,79014642
2311405,79016369
2928901,79067163
5206206,79375359
2501807,79393228
2706703,79531030
3556453,79600416
5005400,79671465
2109908,79694715
2301109,79897062
2606408,80026804
2311306,80146430
4114609,80290516
3151206,80588353
5006200,80608386
1302900,80800596
3305604,80903511
3502101,80926024
3302254,80949714
3512407,80987175
2930105,81019400
3115300,81236600
2600054,81346820
2925204,81739066
5217609,81755239
4303509,81957593
3145208,82676608
3516705,82689339
2312403,82694102
4210100,82780839
3508405,83057210
3531308,83274581
5007901,83319539
3554508,83654158
2921005,83906629
2906006,83948180
3134400,84100960
3530300,84248461
2601706,84389216
2407104,84646509
3524105,84802142
3542602,85043871
1505064,85235598
5101803,85442192
3303609,86141634
3528403,86226858
3202801,86650640
2302800,86838570
2706307,86850884
3304755,86920495
5221403,87030647
2932903,87075830
2802908,87194179
4304630,87370752
3515509,87420120
2613701,87456979
3520442,87522922
2208007,87597813
3555000,87643815
2922003,87978726
4207007,88010224
3145901,88146340
4322509,88223226
3515103,88435152
2910057,88450848
3137601,88784277
2917508,88868284
3164704,89032664
5105259,89055349
5005707,89441740
3149309,89825017
3535507,90396512
3546801,90470802
4207502,90560540
4321600,90599978
3511508,90900240
5102504,91171369
2305233,91362030
2704708,91937331
2914604,92149737
1600600,92257019
4318002,92340535
1502152,92804049
2708600,93233042
4322608,93250420
4219309,93536944
5213103,93871161
3205101,93875729
4202305,94387465
4317509,94546115
3553708,94967525
2101202,94985781
4104907,94990740
3520400,95091923
4304705,95462647
3119401,95605515
2510808,95616179
2928703,95739468
3534302,96173744
4127106,96414482
2702306,96446006
3517406,96474343
3533403,96490094
4118402,96611492
3113404,96625111
3169307,96758779
2301901,96837366
4203006,96934935
4208302,97093662
3171303,97251111
3139409,97409768
4205902,97534422
1501808,97614410
3505906,97730882
2301000,97840395
3169901,99207443
1302504,99310324
4211306,99456257
4119509,99485374
3519709,99486837
3152105,99737532
2606200,99885876
3507001,100386938
3537305,100422426
2803500,100640129
3512803,100642261
3301850,100736161
5107040,101309594
3306107,102376530
2802106,102521392
3147105,102701127
3161908,103043632
3510401,103144203
3530508,104149497
2304285,104264950
1500107,104491828
3162500,105227430
2801207,105610362
1503606,105725540
3533908,105984671
4312401,106188209
3527108,106195013
1303536,106283822
3549706,106454337
2919553,106667950
2307700,107183233
1100049,107395002
4105508,107552571
3524006,107679908
3540705,107951314
2606804,107998816
2305506,108058245
3531100,108310704
3132404,108595096
3509700,108839084
4303004,109007954
2404507,109092470
1504422,109125855
2412005,109135619
3305208,110178320
5214606,110257421
4311403,110318388
3109006,110335841
3305505,110699200
3540606,110833601
1301902,111506919
4319901,111605930
2616407,111918264
4103701,111921551
4108403,112174980
4317103,112771844
3304300,113182797
4307906,113300727
4303905,113386676
3531803,113592191
4300406,113652678
3118304,113735343
3147907,114394909
5208004,114446589
3305554,114489496
3306008,114516230
3171204,114570441
3170404,114936191
1500602,115322886
2306405,115349853
3131901,115502988
3302270,115654878
5107958,115793779
3527207,115939045
1100304,116675501
3518305,116723672
1303403,117293729
3513405,117331502
2101400,118182058
5204508,118697342
5006606,118852641
3509601,119234025
2919926,119547085
2103307,120484914
5107925,122170832
2513703,122232641
3528502,122539921
4101507,122551603
5200258,122787794
3143906,123891017
1505304,124079975
2503209,124097646
2304202,124453824
3101607,125002744
4118501,125045275
5221858,126009614
4204301,127669846
4317202,127789066
3304003,128433391
4104204,128613615
3148103,128705380
2100055,129601737
3147006,129664739
4307005,130600753
4214805,131293339
3303807,131827966
1100122,132791400
3134202,132903262
1100023,133170345
4322400,133386386
3136207,133641370
3557105,134309190
4216206,134681405
3138203,135052969
3300803,135171837
2606002,135656465
3509007,135820425
2111201,136314178
4104303,136665929
3156700,136700638
3503901,136819896
3304144,137102235
3133808,137706215
4309308,137729847
3537602,137805393
3501905,138001806
3529302,138273611
3526803,138883325
3506102,139378435
2207702,139688002
2804805,140271853
3539301,140528805
4218707,140741948
3300233,142601687
3522604,143253832
4307708,143678478
3204302,143897082
2931350,145024174
2910727,145599157
3556503,146054027
3504503,147436965
4128104,147518582
1505502,147644477
4101408,149370018
3516408,149848148
2900702,150101427
2906501,150739081
2925303,151080649
3504008,151523354
3300308,151817314
4310207,152687300
3524303,153145142
3550605,153879176
4215802,154368829
3304110,155326428
1702109,155452362
2603454,157459745
3508504,157818982
3103504,158085742
3168606,158111658
3549102,160560982
3300209,160651554
3168705,160712498
3526704,160993260
3202405,162868831
2924009,162943517
3525003,163478060
5211503,164029268
3303203,164099735
3543303,165177228
3522406,167224840
4313508,168552311
4211900,169791616
3302601,170983119
5107909,172143911
3140001,172282791
5211909,173098869
4300604,173422252
2112209,174335392
1502400,175089856
3200409,175117075
3204906,175334079
4301602,176754641
3516309,177126324
3301306,177236523
4202909,178655814
3302858,180210572
3555406,180255777
3302205,180848613
1501303,181874707
3201506,182784683
4119152,182930527
3148004,183954520
3129806,184145770
3518404,185825931
3105608,187480688
3302700,188194628
1301209,188337979
3545209,188568098
3104007,188719871
3554003,188801697
3522109,189871025
3146107,190237968
1508100,191148975
2903201,191957622
4109401,192375252
4127700,192698702
2918001,193401473
3557006,194542539
3506508,194999872
2930709,195400840
4320008,197185231
3534708,197546274
3506359,198408155
4303103,199800955
3118007,199993049
2914802,200669323
3154606,202448915
4118204,204150663
5008305,204741019
3523404,205299827
3170701,206370607
2913606,206861297
3304151,207593756
3157807,208518611
3524709,209082976
3530805,209263650
3152501,209621414
3507506,212704529
5205109,213019689
4316808,214122479
2103000,214132057
5212501,218022817
5220454,218429273
4302105,221199388
3525300,223221085
4323002,224705441
4105805,228832182
3527306,229669676
3509205,230264121
3522307,231192248
2403251,234975926
3511102,239586041
3556701,241697312
2307304,243249207
3522208,243452337
2610707,246104190
3539806,247281597
3201209,250543737
5003207,251351591
3303401,254653075
3551702,256245532
4209300,260062970
3304201,263501843
3504107,265474458
3510609,265814675
4314100,266885718
3510500,267229733
3507605,267396738
3305802,268135250
2919207,268846286
1506807,268899105
2700300,272167528
3200607,272700623
3505500,273525451
5108402,273587414
2918407,275500109
3503307,278840792
3305000,280281376
3300407,284109841
3545803,285375888
3302502,287364339
3538006,287914170
3556206,289210506
3530706,294066450
4315602,296173089
4216602,296306644
3515004,298039389
3522505,298698493
2105302,301201785
3131703,307437629
3301900,314611261
1500800,314847609
3144805,315167192
2611101,317695197
4316907,318864876
2604106,319307321
4204608,323437608
2303709,323880829
3523107,327487301
3167202,330083957
2933307,330854404
4204202,332752730
3523909,334344307
3122306,334729945
3502804,335460573
3305109,335531144
2312908,335860213
4202008,335864011
3302007,339646045
3541406,340517392
2609600,340964482
5107602,342664036
3203205,345012257
5218805,347882958
2408003,353486885
3201308,353863825
2307650,356934760
4208906,361124347
2607208,361974447
4104808,371393435
3127701,384226131
3516200,384919570
4318705,386234020
2602902,386257271
3151800,388633642
4309209,389670079
5003702,390693678
5201405,395294385
4119905,401439481
1504208,404168438
1200401,404998198
1600303,414507013
3543907,415940096
3519071,416489670
3300456,420020332
3552502,423085939
4314407,424467029
3547304,425386495
3513009,425809036
2929206,426863428
3550704,435608719
3143302,436666732
3524402,441006948
3552403,442757208
4313409,444275677
3503208,445759616
2504009,447906379
3529005,449199866
3552809,451617364
3548906,453271900
1721000,463448903
1400100,473163344
5201108,488164900
3501608,495288964
4108304,500425447
1505536,505627170
2910800,506279389
3170107,511420325
3304524,516416539
3551009,519880190
3131307,526491015
3300704,531299839
3205200,534037491
3520509,534151318
4125506,536405657
3526902,543167440
3303906,545506124
3506003,583772358
4101804,585348936
4208203,586770250
3554102,588679347
3529401,595202104
4115200,606474894
3530607,607948193
2607901,617299426
2905701,624280803
3541000,627177400
4304606,627808881
3306305,659877700
3304904,691040737
1100205,693421860
3518701,695304403
4202404,695639398
3303500,731433228
3300100,744386258
3513801,745579819
3205002,775395205
3513504,785732167
3549805,788846482
4113700,808700908
3548807,826146909
3538709,836720768
3136702,851090107
2800308,867608875
5103403,878584277
4205407,890786419
3118601,920983631
4209102,955706366
4305108,964349623
3536505,1028471650
3170206,1045548857
3303302,1052520639
3525904,1145919283
2507507,1146739454
3106705,1157767722
3205309,1178270618
2408102,1181077576
2704302,1197043794
3543402,1245698646
3534401,1248691477
2211001,1265602236
3552205,1272598589
3548500,1285461763
3302403,1392376913
3547809,1426844024
3301702,1463605349
2111300,1548867671
3505708,1555365991
5002704,1598398441
3549904,1615406816
1501402,1718075575
3301009,1902213208
5208707,-2147483648
3518800,-2147483648
1302603,-2147483648
3548708,-2147483648
2611606,-2147483648
3509502,-2147483648
2927408,-2147483648
2304400,-2147483648
4314902,-2147483648
4106902,-2147483648
3106200,-2147483648
3304557,-2147483648
3550308,-2147483648
