IDHM 2010,CodMunIBGE
0.641,1100015
0.702,1100023
0.65,1100031
0.718,1100049
0.692,1100056
0.685,1100064
0.613,1100072
0.611,1100080
0.672,1100098
0.657,1100106
0.689,1100114
0.714,1100122
0.596,1100130
0.643,1100148
0.682,1100155
0.71,1100189
0.736,1100205
0.664,1100254
0.643,1100262
0.7,1100288
0.67,1100296
0.731,1100304
0.646,1100320
0.587,1100338
0.643,1100346
0.592,1100379
0.625,1100403
0.616,1100452
0.634,1100502
0.646,1100601
0.593,1100700
0.649,1100809
0.658,1100908
0.652,1100924
0.612,1100940
0.596,1101005
0.614,1101104
0.638,1101203
0.643,1101302
0.607,1101401
0.587,1101435
0.617,1101450
0.665,1101468
0.641,1101476
0.649,1101484
0.611,1101492
0.598,1101500
0.643,1101559
0.589,1101609
0.609,1101708
0.584,1101757
0.627,1101807
0.604,1200013
0.588,1200054
0.614,1200104
0.589,1200138
0.575,1200179
0.664,1200203
0.653,1200252
0.539,1200302
0.469,1200328
0.625,1200336
0.551,1200344
0.501,1200351
0.622,1200385
0.532,1200393
0.727,1200401
0.567,1200427
0.517,1200435
0.64,1200450
0.603,1200500
0.539,1200609
0.599,1200708
0.576,1200807
0.527,1300029
0.56,1300060
0.594,1300086
0.561,1300102
0.637,1300144
0.45,1300201
0.577,1300300
0.5,1300409
0.574,1300508
0.574,1300607
0.506,1300631
0.565,1300680
0.588,1300706
0.56,1300805
0.569,1300839
0.53,1300904
0.549,1301001
0.557,1301100
0.568,1301159
0.586,1301209
0.563,1301308
0.563,1301407
0.509,1301506
0.53,1301605
0.532,1301654
0.605,1301704
0.481,1301803
0.613,1301852
0.644,1301902
0.477,1301951
0.654,1302009
0.522,1302108
0.522,1302207
0.516,1302306
0.531,1302405
0.614,1302504
0.596,1302553
0.737,1302603
0.582,1302702
0.498,1302801
0.588,1302900
0.586,1303007
0.558,1303106
0.57,1303205
0.554,1303304
0.658,1303403
0.496,1303502
0.647,1303536
0.611,1303569
0.479,1303601
0.49,1303700
0.609,1303809
0.521,1303908
0.577,1303957
0.632,1304005
0.616,1304062
0.502,1304104
0.639,1304203
0.548,1304237
0.527,1304260
0.62,1304302
0.588,1304401
0.484,1400027
0.542,1400050
0.752,1400100
0.626,1400159
0.619,1400175
0.624,1400209
0.639,1400233
0.582,1400282
0.665,1400308
0.594,1400407
0.65,1400456
0.619,1400472
0.655,1400506
0.649,1400605
0.453,1400704
0.628,1500107
0.622,1500131
0.506,1500206
0.489,1500305
0.564,1500347
0.564,1500404
0.642,1500503
0.665,1500602
0.484,1500701
0.718,1500800
0.548,1500859
0.52,1500909
0.519,1500958
0.541,1501006
0.471,1501105
0.578,1501204
0.594,1501253
0.662,1501303
0.746,1501402
0.588,1501451
0.665,1501501
0.589,1501576
0.546,1501600
0.6,1501709
0.613,1501725
0.591,1501758
0.568,1501782
0.503,1501808
0.552,1501907
0.473,1501956
0.546,1502004
0.577,1502103
0.673,1502152
0.655,1502202
0.548,1502301
0.673,1502400
0.453,1502509
0.602,1502608
0.64,1502707
0.566,1502756
0.55,1502764
0.636,1502772
0.502,1502806
0.578,1502855
0.582,1502905
0.615,1502939
0.56,1502954
0.563,1503002
0.583,1503044
0.526,1503077
0.56,1503093
0.509,1503101
0.595,1503200
0.547,1503309
0.572,1503408
0.489,1503457
0.559,1503507
0.64,1503606
0.528,1503705
0.505,1503754
0.622,1503804
0.592,1503903
0.541,1504000
0.599,1504059
0.597,1504109
0.668,1504208
0.57,1504307
0.609,1504406
0.676,1504422
0.582,1504455
0.418,1504505
0.575,1504604
0.547,1504703
0.589,1504802
0.547,1504901
0.502,1504950
0.581,1504976
0.609,1505007
0.673,1505031
0.537,1505064
0.594,1505106
0.507,1505205
0.623,1505304
0.568,1505403
0.624,1505437
0.515,1505486
0.589,1505494
0.645,1505502
0.715,1505536
0.574,1505551
0.581,1505601
0.563,1505635
0.552,1505650
0.562,1505700
0.483,1505809
0.503,1505908
0.523,1506005
0.577,1506104
0.543,1506112
0.672,1506138
0.638,1506161
0.602,1506187
0.548,1506195
0.647,1506203
0.608,1506302
0.627,1506351
0.557,1506401
0.659,1506500
0.546,1506559
0.544,1506583
0.598,1506609
0.602,1506708
0.691,1506807
0.587,1506906
0.632,1507003
0.585,1507102
0.594,1507151
0.532,1507201
0.594,1507300
0.608,1507409
0.595,1507458
0.583,1507466
0.539,1507474
0.55,1507508
0.591,1507607
0.558,1507706
0.59,1507755
0.514,1507805
0.615,1507904
0.588,1507953
0.605,1507961
0.635,1507979
0.586,1508001
0.531,1508035
0.562,1508050
0.659,1508084
0.666,1508100
0.604,1508126
0.589,1508159
0.617,1508209
0.515,1508308
0.596,1508357
0.646,1508407
0.709,1600055
0.642,1600105
0.626,1600154
0.643,1600204
0.628,1600212
0.656,1600238
0.576,1600253
0.665,1600279
0.733,1600303
0.592,1600402
0.658,1600501
0.64,1600535
0.614,1600550
0.692,1600600
0.592,1600709
0.619,1600808
0.665,1700251
0.657,1700301
0.663,1700350
0.636,1700400
0.708,1700707
0.671,1701002
0.648,1701051
0.651,1701101
0.593,1701309
0.639,1701903
0.675,1702000
0.752,1702109
0.604,1702158
0.631,1702208
0.68,1702307
0.651,1702406
0.67,1702554
0.677,1702703
0.627,1702901
0.642,1703008
0.638,1703057
0.603,1703073
0.642,1703107
0.638,1703206
0.66,1703305
0.684,1703602
0.686,1703701
0.627,1703800
0.627,1703826
0.544,1703842
0.662,1703867
0.64,1703883
0.594,1703891
0.658,1703909
0.569,1704105
0.619,1704600
0.62,1705102
0.701,1705508
0.697,1705557
0.592,1705607
0.605,1706001
0.673,1706100
0.644,1706258
0.581,1706506
0.701,1707009
0.683,1707108
0.583,1707207
0.679,1707306
0.57,1707405
0.697,1707553
0.689,1707652
0.621,1707702
0.67,1708205
0.659,1708254
0.621,1708304
0.576,1709005
0.741,1709302
0.759,1709500
0.62,1709807
0.612,1710508
0.616,1710706
0.601,1710904
0.65,1711100
0.662,1711506
0.584,1711803
0.627,1711902
0.579,1711951
0.675,1712009
0.66,1712157
0.57,1712405
0.639,1712454
0.631,1712504
0.607,1712702
0.58,1712801
0.684,1713205
0.662,1713304
0.622,1713601
0.62,1713700
0.628,1713809
0.596,1713957
0.673,1714203
0.643,1714302
0.631,1714880
0.661,1715002
0.639,1715101
0.699,1715150
0.596,1715259
0.675,1715507
0.571,1715705
0.673,1715754
0.764,1716109
0.595,1716208
0.661,1716307
0.732,1716505
0.674,1716604
0.627,1716653
0.671,1716703
0.605,1717008
0.621,1717206
0.65,1717503
0.603,1717800
0.624,1717909
0.645,1718006
0.74,1718204
0.583,1718303
0.669,1718402
0.669,1718451
0.5,1718501
0.572,1718550
0.608,1718659
0.616,1718709
0.6,1718758
0.606,1718808
0.659,1718840
0.616,1718865
0.634,1718881
0.651,1718899
0.595,1718907
0.662,1719004
0.637,1720002
0.605,1720101
0.574,1720150
0.623,1720200
0.605,1720259
0.573,1720309
0.643,1720499
0.675,1720655
0.604,1720804
0.667,1720853
0.634,1720903
0.601,1720937
0.654,1720978
0.788,1721000
0.589,1721109
0.681,1721208
0.67,1721257
0.587,1721307
0.638,1722081
0.671,1722107
0.672,2100055
0.529,2100105
0.5,2100154
0.573,2100204
0.513,2100303
0.549,2100402
0.554,2100436
0.558,2100477
0.633,2100501
0.52,2100550
0.555,2100600
0.581,2100709
0.581,2100808
0.568,2100832
0.533,2100873
0.521,2100907
0.512,2100956
0.626,2101004
0.641,2101103
0.651,2101202
0.629,2101251
0.578,2101301
0.537,2101350
0.687,2101400
0.592,2101509
0.606,2101608
0.57,2101707
0.512,2101731
0.554,2101772
0.546,2101806
0.601,2101905
0.604,2101939
0.545,2101970
0.538,2102002
0.558,2102036
0.562,2102077
0.562,2102101
0.519,2102150
0.548,2102200
0.59,2102309
0.556,2102325
0.583,2102358
0.537,2102374
0.553,2102408
0.523,2102507
0.652,2102556
0.561,2102606
0.565,2102705
0.537,2102754
0.634,2102804
0.574,2102903
0.624,2103000
0.605,2103109
0.585,2103125
0.542,2103158
0.518,2103174
0.604,2103208
0.6,2103257
0.595,2103307
0.564,2103406
0.596,2103505
0.512,2103554
0.576,2103604
0.612,2103703
0.607,2103752
0.622,2103802
0.533,2103901
0.586,2104008
0.659,2104057
0.532,2104073
0.443,2104081
0.556,2104099
0.616,2104107
0.58,2104206
0.604,2104305
0.568,2104404
0.565,2104503
0.629,2104552
0.572,2104602
0.544,2104628
0.521,2104651
0.569,2104677
0.57,2104701
0.609,2104800
0.625,2104909
0.535,2105005
0.546,2105104
0.569,2105153
0.614,2105203
0.731,2105302
0.518,2105351
0.599,2105401
0.63,2105427
0.561,2105450
0.49,2105476
0.641,2105500
0.561,2105609
0.552,2105658
0.589,2105708
0.581,2105807
0.557,2105906
0.566,2105922
0.602,2105948
0.502,2105963
0.589,2105989
0.581,2106003
0.582,2106102
0.588,2106201
0.567,2106300
0.582,2106326
0.452,2106359
0.55,2106375
0.57,2106409
0.619,2106508
0.55,2106607
0.533,2106631
0.527,2106672
0.545,2106706
0.61,2106755
0.622,2106805
0.546,2106904
0.575,2107001
0.548,2107100
0.585,2107209
0.566,2107258
0.584,2107308
0.581,2107357
0.589,2107407
0.575,2107456
0.724,2107506
0.556,2107605
0.58,2107704
0.542,2107803
0.532,2107902
0.61,2108009
0.561,2108058
0.549,2108108
0.682,2108207
0.516,2108256
0.554,2108306
0.599,2108405
0.564,2108454
0.633,2108504
0.637,2108603
0.541,2108702
0.576,2108801
0.576,2108900
0.684,2109007
0.615,2109056
0.653,2109106
0.563,2109205
0.591,2109239
0.557,2109270
0.587,2109304
0.512,2109403
0.626,2109452
0.576,2109502
0.615,2109551
0.632,2109601
0.565,2109700
0.525,2109759
0.571,2109809
0.674,2109908
0.55,2110005
0.599,2110039
0.555,2110104
0.609,2110203
0.51,2110237
0.518,2110278
0.566,2110302
0.541,2110401
0.602,2110500
0.572,2110609
0.59,2110658
0.582,2110708
0.557,2110807
0.584,2110856
0.528,2110906
0.598,2111003
0.509,2111029
0.609,2111052
0.517,2111078
0.615,2111102
0.708,2111201
0.557,2111250
0.768,2111300
0.54,2111409
0.616,2111508
0.605,2111532
0.6,2111573
0.61,2111607
0.516,2111631
0.516,2111672
0.592,2111706
0.493,2111722
0.538,2111748
0.602,2111763
0.519,2111789
0.564,2111805
0.579,2111904
0.568,2111953
0.599,2112001
0.537,2112100
0.649,2112209
0.606,2112233
0.555,2112274
0.572,2112308
0.561,2112407
0.536,2112456
0.561,2112506
0.588,2112605
0.542,2112704
0.618,2112803
0.581,2112852
0.596,2112902
0.57,2113009
0.595,2114007
0.528,2200053
0.599,2200103
0.639,2200202
0.531,2200251
0.585,2200277
0.585,2200301
0.614,2200400
0.578,2200459
0.598,2200509
0.63,2200608
0.594,2200707
0.62,2200806
0.583,2200905
0.519,2200954
0.56,2201002
0.499,2201051
0.554,2201101
0.564,2201150
0.577,2201176
0.595,2201200
0.557,2201309
0.612,2201408
0.545,2201507
0.576,2201556
0.551,2201572
0.557,2201606
0.612,2201705
0.489,2201739
0.575,2201770
0.632,2201804
0.668,2201903
0.532,2201919
0.542,2201929
0.56,2201945
0.577,2201960
0.515,2201988
0.565,2202000
0.574,2202026
0.583,2202059
0.562,2202075
0.546,2202083
0.588,2202091
0.544,2202109
0.537,2202117
0.56,2202133
0.528,2202174
0.656,2202208
0.583,2202251
0.576,2202307
0.583,2202406
0.553,2202455
0.552,2202505
0.505,2202539
0.541,2202554
0.587,2202604
0.488,2202653
0.497,2202703
0.555,2202711
0.498,2202729
0.565,2202737
0.628,2202752
0.588,2202778
0.589,2202802
0.546,2202851
0.642,2202901
0.573,2203008
0.566,2203107
0.607,2203206
0.542,2203230
0.555,2203255
0.527,2203271
0.618,2203305
0.561,2203354
0.601,2203404
0.55,2203420
0.549,2203453
0.58,2203503
0.595,2203602
0.605,2203701
0.548,2203750
0.547,2203800
0.538,2203859
0.7,2203909
0.564,2204006
0.577,2204105
0.553,2204154
0.608,2204204
0.619,2204303
0.561,2204352
0.548,2204402
0.65,2204501
0.508,2204550
0.599,2204600
0.563,2204659
0.624,2204709
0.63,2204808
0.582,2204907
0.541,2205003
0.583,2205102
0.535,2205151
0.524,2205201
0.593,2205250
0.566,2205276
0.591,2205300
0.561,2205359
0.522,2205409
0.504,2205458
0.618,2205508
0.57,2205516
0.582,2205524
0.555,2205532
0.597,2205540
0.55,2205557
0.502,2205565
0.529,2205573
0.583,2205581
0.541,2205599
0.584,2205607
0.541,2205706
0.545,2205805
0.563,2205854
0.573,2205904
0.562,2205953
0.59,2206001
0.525,2206050
0.562,2206100
0.539,2206209
0.623,2206308
0.508,2206357
0.615,2206407
0.561,2206506
0.578,2206605
0.542,2206654
0.55,2206670
0.53,2206696
0.576,2206704
0.586,2206753
0.533,2206803
0.562,2206902
0.528,2206951
0.634,2207009
0.576,2207108
0.541,2207207
0.575,2207306
0.559,2207355
0.557,2207405
0.562,2207504
0.509,2207553
0.575,2207603
0.687,2207702
0.561,2207751
0.563,2207777
0.514,2207793
0.6,2207801
0.526,2207850
0.571,2207900
0.562,2207934
0.554,2207959
0.698,2208007
0.566,2208106
0.564,2208205
0.596,2208304
0.635,2208403
0.549,2208502
0.563,2208551
0.565,2208601
0.515,2208650
0.589,2208700
0.591,2208809
0.541,2208858
0.52,2208874
0.601,2208908
0.572,2209005
0.601,2209104
0.577,2209153
0.544,2209203
0.588,2209302
0.574,2209351
0.567,2209377
0.584,2209401
0.619,2209450
0.613,2209500
0.596,2209559
0.61,2209609
0.485,2209658
0.57,2209708
0.56,2209757
0.616,2209807
0.559,2209856
0.515,2209872
0.582,2209906
0.559,2209955
0.523,2209971
0.645,2210003
0.565,2210052
0.573,2210102
0.552,2210201
0.594,2210300
0.595,2210359
0.554,2210375
0.563,2210383
0.535,2210391
0.556,2210409
0.595,2210508
0.661,2210607
0.536,2210623
0.562,2210631
0.581,2210656
0.575,2210706
0.627,2210805
0.561,2210904
0.586,2210938
0.501,2210953
0.579,2210979
0.751,2211001
0.577,2211100
0.631,2211209
0.647,2211308
0.553,2211357
0.571,2211407
0.503,2211506
0.565,2211605
0.544,2211704
0.628,2300101
0.606,2300150
0.601,2300200
0.595,2300309
0.569,2300408
0.6,2300507
0.602,2300606
0.601,2300705
0.606,2300754
0.599,2300804
0.618,2300903
0.641,2301000
0.655,2301109
0.615,2301208
0.59,2301257
0.564,2301307
0.622,2301406
0.618,2301505
0.6,2301604
0.605,2301703
0.627,2301802
0.606,2301851
0.683,2301901
0.616,2301950
0.599,2302008
0.571,2302057
0.619,2302107
0.638,2302206
0.623,2302305
0.598,2302404
0.647,2302503
0.62,2302602
0.63,2302701
0.612,2302800
0.611,2302909
0.592,2303006
0.596,2303105
0.578,2303204
0.597,2303303
0.593,2303402
0.646,2303501
0.618,2303600
0.609,2303659
0.682,2303709
0.627,2303808
0.586,2303907
0.585,2303931
0.604,2303956
0.61,2304004
0.644,2304103
0.713,2304202
0.59,2304236
0.632,2304251
0.609,2304269
0.61,2304277
0.701,2304285
0.633,2304301
0.644,2304350
0.754,2304400
0.624,2304459
0.604,2304509
0.568,2304608
0.57,2304657
0.559,2304707
0.585,2304806
0.633,2304905
0.617,2304954
0.609,2305001
0.637,2305100
0.597,2305209
0.658,2305233
0.577,2305266
0.608,2305308
0.606,2305332
0.616,2305357
0.606,2305407
0.677,2305506
0.632,2305605
0.579,2305654
0.606,2305704
0.618,2305803
0.573,2305902
0.652,2306009
0.605,2306108
0.656,2306207
0.626,2306256
0.623,2306306
0.64,2306405
0.604,2306504
0.606,2306553
0.562,2306603
0.612,2306702
0.618,2306801
0.621,2306900
0.624,2307007
0.614,2307106
0.651,2307205
0.652,2307254
0.694,2307304
0.598,2307403
0.613,2307502
0.682,2307601
0.61,2307635
0.686,2307650
0.659,2307700
0.612,2307809
0.599,2307908
0.616,2308005
0.605,2308104
0.618,2308203
0.628,2308302
0.626,2308351
0.592,2308377
0.622,2308401
0.582,2308500
0.61,2308609
0.61,2308708
0.581,2308807
0.588,2308906
0.607,2309003
0.607,2309102
0.625,2309201
0.614,2309300
0.605,2309409
0.594,2309458
0.636,2309508
0.659,2309607
0.675,2309706
0.635,2309805
0.621,2309904
0.638,2310001
0.622,2310100
0.637,2310209
0.634,2310258
0.57,2310308
0.583,2310407
0.603,2310506
0.646,2310605
0.629,2310704
0.601,2310803
0.636,2310852
0.6,2310902
0.591,2310951
0.581,2311009
0.622,2311108
0.562,2311207
0.604,2311231
0.594,2311264
0.659,2311306
0.591,2311355
0.642,2311405
0.622,2311504
0.626,2311603
0.601,2311702
0.674,2311801
0.575,2311900
0.54,2311959
0.587,2312007
0.612,2312106
0.616,2312205
0.611,2312304
0.665,2312403
0.654,2312502
0.62,2312601
0.619,2312700
0.603,2312809
0.714,2312908
0.625,2313005
0.645,2313104
0.58,2313203
0.576,2313252
0.633,2313302
0.584,2313351
0.657,2313401
0.606,2313500
0.606,2313559
0.648,2313609
0.591,2313708
0.587,2313757
0.639,2313807
0.566,2313906
0.611,2313955
0.629,2314003
0.571,2314102
0.679,2400109
0.661,2400208
0.585,2400307
0.616,2400406
0.606,2400505
0.624,2400604
0.672,2400703
0.624,2400802
0.578,2400901
0.639,2401008
0.682,2401107
0.606,2401206
0.621,2401305
0.609,2401404
0.574,2401453
0.566,2401503
0.582,2401602
0.629,2401651
0.584,2401701
0.592,2401800
0.574,2401859
0.587,2401909
0.71,2402006
0.626,2402105
0.579,2402204
0.638,2402303
0.659,2402402
0.589,2402501
0.616,2402600
0.607,2402709
0.587,2402808
0.578,2402907
0.654,2403004
0.691,2403103
0.621,2403202
0.766,2403251
0.629,2403301
0.623,2403400
0.558,2403509
0.66,2403608
0.636,2403707
0.597,2403756
0.642,2403806
0.606,2403905
0.597,2404002
0.564,2404101
0.638,2404200
0.592,2404309
0.664,2404408
0.626,2404507
0.55,2404606
0.603,2404705
0.679,2404804
0.624,2404853
0.614,2404903
0.604,2405009
0.569,2405108
0.615,2405207
0.574,2405306
0.569,2405405
0.565,2405504
0.603,2405603
0.663,2405702
0.595,2405801
0.53,2405900
0.608,2406007
0.601,2406106
0.595,2406155
0.601,2406205
0.553,2406304
0.589,2406403
0.585,2406502
0.582,2406601
0.624,2406700
0.625,2406809
0.646,2406908
0.608,2407005
0.64,2407104
0.665,2407203
0.617,2407252
0.609,2407302
0.622,2407401
0.608,2407500
0.644,2407609
0.557,2407708
0.609,2407807
0.598,2407906
0.72,2408003
0.763,2408102
0.622,2408201
0.629,2408300
0.585,2408409
0.645,2408508
0.589,2408607
0.603,2408706
0.549,2408805
0.676,2408904
0.569,2408953
0.606,2409100
0.589,2409209
0.618,2409308
0.59,2409332
0.678,2409407
0.559,2409506
0.558,2409605
0.583,2409704
0.568,2409803
0.631,2409902
0.614,2410009
0.587,2410108
0.621,2410207
0.59,2410256
0.563,2410306
0.567,2410405
0.608,2410504
0.654,2410603
0.584,2410702
0.591,2410801
0.592,2410900
0.604,2411007
0.635,2411056
0.605,2411106
0.635,2411205
0.591,2411403
0.642,2411429
0.62,2411502
0.555,2411601
0.595,2411700
0.608,2411809
0.628,2411908
0.661,2412005
0.655,2412104
0.611,2412203
0.615,2412302
0.694,2412401
0.606,2412500
0.591,2412559
0.622,2412609
0.589,2412708
0.611,2412807
0.585,2412906
0.642,2413003
0.583,2413102
0.57,2413201
0.582,2413300
0.614,2413359
0.597,2413409
0.592,2413508
0.598,2413557
0.604,2413607
0.572,2413706
0.612,2413805
0.569,2413904
0.608,2414001
0.592,2414100
0.623,2414159
0.645,2414209
0.64,2414308
0.572,2414407
0.602,2414456
0.618,2414506
0.596,2414605
0.626,2414704
0.555,2414753
0.587,2414803
0.592,2414902
0.576,2415008
0.572,2500106
0.597,2500205
0.582,2500304
0.576,2500403
0.595,2500502
0.578,2500536
0.548,2500577
0.582,2500601
0.608,2500700
0.606,2500734
0.578,2500775
0.549,2500809
0.548,2500908
0.567,2501005
0.594,2501104
0.562,2501153
0.608,2501203
0.548,2501302
0.609,2501351
0.581,2501401
0.568,2501500
0.558,2501534
0.567,2501575
0.562,2501609
0.572,2501708
0.649,2501807
0.592,2501906
0.578,2502003
0.558,2502052
0.599,2502102
0.649,2502151
0.597,2502201
0.592,2502300
0.574,2502409
0.607,2502508
0.61,2502607
0.558,2502706
0.597,2502805
0.619,2502904
0.602,2503001
0.611,2503100
0.748,2503209
0.587,2503308
0.596,2503407
0.564,2503506
0.523,2503555
0.592,2503605
0.679,2503704
0.55,2503753
0.568,2503803
0.567,2503902
0.72,2504009
0.533,2504033
0.585,2504074
0.603,2504108
0.514,2504157
0.574,2504207
0.64,2504306
0.623,2504355
0.592,2504405
0.594,2504504
0.618,2504603
0.581,2504702
0.592,2504801
0.641,2504850
0.552,2504900
0.566,2505006
0.591,2505105
0.57,2505204
0.524,2505238
0.529,2505279
0.606,2505303
0.521,2505352
0.58,2505402
0.566,2505501
0.593,2505600
0.545,2505709
0.603,2505808
0.595,2505907
0.623,2506004
0.56,2506103
0.641,2506202
0.513,2506251
0.673,2506301
0.556,2506400
0.625,2506509
0.586,2506608
0.557,2506707
0.592,2506806
0.613,2506905
0.615,2507002
0.564,2507101
0.562,2507200
0.558,2507309
0.603,2507408
0.763,2507507
0.579,2507606
0.567,2507705
0.617,2507804
0.548,2507903
0.57,2508000
0.563,2508109
0.57,2508208
0.627,2508307
0.533,2508406
0.566,2508505
0.583,2508554
0.583,2508604
0.542,2508703
0.642,2508802
0.585,2508901
0.543,2509008
0.529,2509057
0.548,2509107
0.608,2509156
0.567,2509206
0.536,2509305
0.541,2509339
0.565,2509370
0.572,2509396
0.574,2509404
0.59,2509503
0.587,2509602
0.628,2509701
0.565,2509800
0.541,2509909
0.562,2510006
0.601,2510105
0.573,2510204
0.595,2510303
0.572,2510402
0.603,2510501
0.614,2510600
0.584,2510659
0.62,2510709
0.701,2510808
0.587,2510907
0.599,2511004
0.574,2511103
0.59,2511202
0.621,2511301
0.608,2511400
0.579,2511509
0.56,2511608
0.564,2511707
0.595,2511806
0.57,2511905
0.591,2512002
0.525,2512036
0.612,2512077
0.634,2512101
0.608,2512200
0.606,2512309
0.617,2512408
0.608,2512507
0.622,2512606
0.607,2512705
0.542,2512721
0.574,2512747
0.553,2512754
0.555,2512762
0.594,2512788
0.568,2512804
0.585,2512903
0.563,2513000
0.568,2513109
0.525,2513158
0.618,2513208
0.609,2513307
0.572,2513356
0.682,2513406
0.535,2513505
0.594,2513604
0.622,2513653
0.627,2513703
0.627,2513802
0.6,2513851
0.58,2513901
0.606,2513927
0.589,2513943
0.548,2513968
0.58,2513984
0.622,2514008
0.552,2514107
0.53,2514206
0.565,2514305
0.577,2514404
0.541,2514453
0.591,2514503
0.565,2514552
0.578,2514602
0.581,2514651
0.617,2514701
0.556,2514800
0.641,2514909
0.548,2515005
0.594,2515104
0.581,2515203
0.569,2515302
0.555,2515401
0.628,2515500
0.626,2515609
0.586,2515708
0.57,2515807
0.547,2515906
0.621,2515930
0.573,2515971
0.595,2516003
0.616,2516102
0.573,2516151
0.668,2516201
0.627,2516300
0.551,2516409
0.578,2516508
0.586,2516607
0.605,2516706
0.581,2516755
0.609,2516805
0.636,2516904
0.584,2517001
0.707,2517100
0.571,2517209
0.623,2517407
0.679,2600054
0.657,2600104
0.588,2600203
0.592,2600302
0.553,2600401
0.526,2600500
0.599,2600609
0.604,2600708
0.598,2600807
0.58,2600906
0.572,2601003
0.592,2601052
0.602,2601102
0.667,2601201
0.577,2601300
0.586,2601409
0.578,2601508
0.642,2601607
0.629,2601706
0.559,2601805
0.606,2601904
0.565,2602001
0.563,2602100
0.602,2602209
0.561,2602308
0.547,2602407
0.574,2602506
0.562,2602605
0.593,2602704
0.527,2602803
0.686,2602902
0.623,2603009
0.579,2603108
0.522,2603207
0.566,2603306
0.571,2603405
0.692,2603454
0.588,2603504
0.606,2603603
0.541,2603702
0.549,2603801
0.583,2603900
0.573,2603926
0.68,2604007
0.677,2604106
0.567,2604155
0.609,2604205
0.615,2604304
0.604,2604403
0.599,2604502
0.602,2604601
0.536,2604700
0.568,2604809
0.572,2604908
0.592,2605004
0.594,2605103
0.589,2605152
0.632,2605202
0.576,2605301
0.6,2605400
0.788,2605459
0.622,2605509
0.556,2605608
0.626,2605707
0.576,2605806
0.602,2605905
0.664,2606002
0.604,2606101
0.651,2606200
0.595,2606309
0.634,2606408
0.528,2606507
0.552,2606606
0.58,2606705
0.665,2606804
0.598,2606903
0.523,2607000
0.608,2607109
0.619,2607208
0.55,2607307
0.595,2607406
0.51,2607505
0.653,2607604
0.575,2607653
0.592,2607703
0.633,2607752
0.586,2607802
0.717,2607901
0.575,2607950
0.53,2608008
0.645,2608057
0.576,2608107
0.554,2608206
0.55,2608255
0.575,2608305
0.509,2608404
0.609,2608453
0.602,2608503
0.525,2608602
0.551,2608701
0.597,2608750
0.611,2608800
0.663,2608909
0.609,2609006
0.578,2609105
0.487,2609154
0.534,2609204
0.591,2609303
0.652,2609402
0.662,2609501
0.735,2609600
0.61,2609709
0.61,2609808
0.572,2609907
0.622,2610004
0.549,2610103
0.569,2610202
0.537,2610301
0.599,2610400
0.592,2610509
0.639,2610608
0.732,2610707
0.567,2610806
0.61,2610905
0.623,2611002
0.697,2611101
0.528,2611200
0.598,2611309
0.58,2611408
0.552,2611507
0.577,2611533
0.772,2611606
0.57,2611705
0.602,2611804
0.613,2611903
0.585,2612000
0.534,2612109
0.669,2612208
0.559,2612307
0.603,2612406
0.549,2612455
0.612,2612471
0.648,2612505
0.533,2612554
0.59,2612604
0.548,2612703
0.593,2612802
0.53,2612901
0.593,2613008
0.591,2613107
0.57,2613206
0.537,2613305
0.608,2613404
0.61,2613503
0.635,2613602
0.653,2613701
0.549,2613800
0.661,2613909
0.595,2614006
0.613,2614105
0.597,2614204
0.6,2614303
0.585,2614402
0.635,2614501
0.605,2614600
0.554,2614709
0.573,2614808
0.593,2614857
0.641,2615003
0.545,2615102
0.599,2615201
0.618,2615300
0.618,2615409
0.605,2615508
0.595,2615607
0.67,2615706
0.519,2615805
0.634,2615904
0.592,2616001
0.605,2616100
0.563,2616183
0.582,2616209
0.605,2616308
0.64,2616407
0.552,2616506
0.549,2700102
0.568,2700201
0.649,2700300
0.561,2700409
0.557,2700508
0.615,2700607
0.594,2700706
0.593,2700805
0.517,2700904
0.604,2701001
0.513,2701100
0.531,2701209
0.562,2701308
0.559,2701357
0.57,2701407
0.524,2701506
0.506,2701605
0.573,2701704
0.526,2701803
0.575,2701902
0.533,2702009
0.517,2702108
0.586,2702207
0.626,2702306
0.525,2702355
0.612,2702405
0.532,2702504
0.534,2702553
0.533,2702603
0.565,2702702
0.527,2702801
0.536,2702900
0.518,2703007
0.564,2703106
0.568,2703205
0.484,2703304
0.583,2703403
0.548,2703502
0.57,2703601
0.552,2703700
0.556,2703759
0.531,2703809
0.562,2703908
0.575,2704005
0.552,2704104
0.58,2704203
0.721,2704302
0.566,2704401
0.574,2704500
0.569,2704609
0.642,2704708
0.597,2704807
0.577,2704906
0.504,2705002
0.584,2705101
0.568,2705200
0.563,2705309
0.539,2705408
0.527,2705507
0.521,2705606
0.565,2705705
0.525,2705804
0.503,2705903
0.493,2706000
0.547,2706109
0.558,2706208
0.638,2706307
0.593,2706406
0.548,2706422
0.605,2706448
0.533,2706505
0.589,2706604
0.63,2706703
0.572,2706802
0.61,2706901
0.574,2707008
0.589,2707107
0.526,2707206
0.586,2707305
0.541,2707404
0.551,2707503
0.559,2707602
0.643,2707701
0.505,2707800
0.597,2707909
0.591,2708006
0.519,2708105
0.572,2708204
0.573,2708303
0.527,2708402
0.536,2708501
0.623,2708600
0.591,2708709
0.549,2708808
0.66,2708907
0.518,2708956
0.555,2709004
0.541,2709103
0.564,2709152
0.532,2709202
0.593,2709301
0.586,2709400
0.611,2800100
0.578,2800209
0.77,2800308
0.595,2800407
0.579,2800506
0.649,2800605
0.604,2800670
0.54,2800704
0.621,2801009
0.569,2801108
0.567,2801207
0.615,2801306
0.588,2801405
0.643,2801504
0.623,2801603
0.553,2801702
0.604,2801900
0.61,2802007
0.647,2802106
0.584,2802205
0.589,2802304
0.564,2802403
0.645,2802502
0.577,2802601
0.562,2802700
0.58,2802809
0.642,2802908
0.556,2803005
0.602,2803104
0.561,2803203
0.621,2803302
0.56,2803401
0.625,2803500
0.642,2803609
0.583,2803708
0.599,2803807
0.587,2803906
0.618,2804003
0.587,2804102
0.553,2804201
0.626,2804300
0.589,2804409
0.577,2804458
0.587,2804508
0.6,2804607
0.598,2804706
0.664,2804805
0.555,2804904
0.593,2805000
0.592,2805109
0.583,2805208
0.603,2805307
0.529,2805406
0.561,2805505
0.568,2805604
0.661,2805703
0.539,2805802
0.617,2805901
0.613,2806008
0.631,2806107
0.609,2806206
0.545,2806305
0.59,2806404
0.592,2806503
0.637,2806602
0.662,2806701
0.588,2806800
0.587,2806909
0.567,2807006
0.604,2807105
0.609,2807204
0.604,2807303
0.557,2807402
0.551,2807501
0.579,2807600
0.603,2900108
0.575,2900207
0.582,2900306
0.546,2900355
0.55,2900405
0.584,2900504
0.583,2900603
0.683,2900702
0.608,2900801
0.563,2900900
0.625,2901007
0.666,2901106
0.561,2901155
0.54,2901205
0.555,2901304
0.588,2901353
0.625,2901403
0.589,2901502
0.592,2901601
0.561,2901700
0.598,2901809
0.548,2901908
0.552,2901957
0.581,2902005
0.57,2902054
0.534,2902104
0.588,2902203
0.559,2902252
0.575,2902302
0.568,2902401
0.589,2902500
0.585,2902609
0.579,2902658
0.557,2902708
0.575,2902807
0.551,2902906
0.63,2903003
0.577,2903102
0.721,2903201
0.607,2903235
0.61,2903276
0.602,2903300
0.598,2903409
0.575,2903508
0.538,2903607
0.567,2903706
0.551,2903805
0.633,2903904
0.546,2903953
0.612,2904001
0.561,2904050
0.603,2904100
0.575,2904209
0.597,2904308
0.592,2904407
0.57,2904506
0.656,2904605
0.613,2904704
0.565,2904753
0.561,2904803
0.581,2904852
0.647,2904902
0.637,2905008
0.546,2905107
0.542,2905156
0.625,2905206
0.584,2905305
0.627,2905404
0.573,2905503
0.581,2905602
0.694,2905701
0.565,2905800
0.557,2905909
0.586,2906006
0.565,2906105
0.587,2906204
0.59,2906303
0.587,2906402
0.691,2906501
0.591,2906600
0.601,2906709
0.557,2906808
0.562,2906824
0.599,2906857
0.621,2906873
0.555,2906899
0.616,2906907
0.552,2907004
0.576,2907103
0.57,2907202
0.613,2907301
0.582,2907400
0.677,2907509
0.571,2907558
0.596,2907608
0.6,2907707
0.585,2907806
0.601,2907905
0.613,2908002
0.596,2908101
0.634,2908200
0.606,2908309
0.611,2908408
0.663,2908507
0.56,2908606
0.582,2908705
0.577,2908804
0.592,2908903
0.579,2909000
0.6,2909109
0.535,2909208
0.603,2909307
0.59,2909406
0.599,2909505
0.543,2909604
0.614,2909703
0.699,2909802
0.581,2909901
0.54,2910008
0.676,2910057
0.591,2910107
0.632,2910206
0.623,2910305
0.544,2910404
0.615,2910503
0.589,2910602
0.567,2910701
0.677,2910727
0.559,2910750
0.588,2910776
0.712,2910800
0.565,2910859
0.578,2910909
0.557,2911006
0.618,2911105
0.632,2911204
0.599,2911253
0.559,2911303
0.593,2911402
0.576,2911501
0.643,2911600
0.569,2911659
0.673,2911709
0.558,2911808
0.563,2911857
0.574,2911907
0.611,2912004
0.625,2912103
0.591,2912202
0.584,2912301
0.616,2912400
0.584,2912509
0.511,2912608
0.558,2912707
0.614,2912806
0.576,2912905
0.585,2913002
0.602,2913101
0.636,2913200
0.631,2913309
0.614,2913408
0.574,2913457
0.552,2913507
0.69,2913606
0.565,2913705
0.55,2913804
0.67,2913903
0.549,2914000
0.59,2914109
0.576,2914208
0.571,2914307
0.599,2914406
0.62,2914505
0.691,2914604
0.599,2914653
0.62,2914703
0.712,2914802
0.583,2914901
0.572,2915007
0.543,2915106
0.589,2915205
0.634,2915304
0.562,2915353
0.592,2915403
0.599,2915502
0.627,2915601
0.578,2915700
0.578,2915809
0.584,2915908
0.637,2916005
0.67,2916104
0.599,2916203
0.572,2916302
0.667,2916401
0.486,2916500
0.571,2916609
0.553,2916708
0.61,2916807
0.582,2916856
0.6,2916906
0.544,2917003
0.594,2917102
0.57,2917201
0.606,2917300
0.591,2917334
0.613,2917359
0.593,2917409
0.649,2917508
0.58,2917607
0.659,2917706
0.556,2917805
0.55,2917904
0.665,2918001
0.547,2918100
0.553,2918209
0.575,2918308
0.593,2918357
0.677,2918407
0.541,2918456
0.571,2918506
0.567,2918555
0.602,2918605
0.599,2918704
0.545,2918753
0.586,2918803
0.632,2918902
0.546,2919009
0.584,2919058
0.518,2919108
0.596,2919157
0.754,2919207
0.623,2919306
0.621,2919405
0.611,2919504
0.716,2919553
0.524,2919603
0.605,2919702
0.609,2919801
0.604,2919900
0.708,2919926
0.538,2919959
0.576,2920007
0.572,2920106
0.562,2920205
0.578,2920304
0.566,2920403
0.599,2920452
0.607,2920502
0.621,2920601
0.593,2920700
0.561,2920809
0.581,2920908
0.668,2921005
0.572,2921054
0.625,2921104
0.586,2921203
0.622,2921302
0.542,2921401
0.527,2921450
0.506,2921500
0.558,2921609
0.588,2921708
0.618,2921807
0.606,2921906
0.665,2922003
0.566,2922052
0.59,2922102
0.617,2922201
0.549,2922250
0.66,2922300
0.601,2922409
0.641,2922508
0.547,2922607
0.56,2922656
0.545,2922706
0.597,2922730
0.57,2922755
0.524,2922805
0.567,2922854
0.555,2922904
0.654,2923001
0.597,2923035
0.554,2923050
0.559,2923100
0.554,2923209
0.607,2923308
0.56,2923357
0.586,2923407
0.643,2923506
0.615,2923605
0.59,2923704
0.577,2923803
0.583,2923902
0.674,2924009
0.587,2924058
0.588,2924108
0.513,2924207
0.571,2924306
0.506,2924405
0.603,2924504
0.577,2924603
0.612,2924652
0.533,2924678
0.575,2924702
0.578,2924801
0.572,2924900
0.56,2925006
0.604,2925105
0.666,2925204
0.58,2925253
0.676,2925303
0.625,2925402
0.621,2925501
0.614,2925600
0.542,2925709
0.559,2925758
0.592,2925808
0.544,2925907
0.578,2925931
0.564,2925956
0.579,2926004
0.636,2926103
0.578,2926202
0.628,2926301
0.615,2926400
0.512,2926509
0.601,2926608
0.54,2926657
0.605,2926707
0.576,2926806
0.594,2926905
0.572,2927002
0.632,2927101
0.61,2927200
0.617,2927309
0.759,2927408
0.583,2927507
0.546,2927606
0.654,2927705
0.61,2927804
0.574,2927903
0.598,2928000
0.556,2928059
0.614,2928109
0.608,2928208
0.592,2928307
0.605,2928406
0.587,2928505
0.646,2928604
0.7,2928703
0.626,2928802
0.579,2928901
0.64,2928950
0.639,2929008
0.639,2929057
0.616,2929107
0.674,2929206
0.592,2929255
0.627,2929305
0.546,2929354
0.552,2929370
0.593,2929404
0.657,2929503
0.614,2929602
0.527,2929701
0.617,2929750
0.549,2929800
0.635,2929909
0.615,2930006
0.666,2930105
0.595,2930154
0.585,2930204
0.608,2930303
0.566,2930402
0.634,2930501
0.59,2930600
0.675,2930709
0.564,2930758
0.533,2930766
0.631,2930774
0.592,2930808
0.584,2930907
0.577,2931004
0.599,2931053
0.597,2931103
0.566,2931202
0.594,2931301
0.685,2931350
0.594,2931400
0.566,2931509
0.555,2931608
0.578,2931707
0.528,2931806
0.579,2931905
0.605,2932002
0.582,2932101
0.611,2932200
0.593,2932309
0.617,2932408
0.515,2932457
0.56,2932507
0.598,2932606
0.616,2932705
0.59,2932804
0.623,2932903
0.637,2933000
0.539,2933059
0.575,2933109
0.555,2933158
0.586,2933174
0.645,2933208
0.577,2933257
0.678,2933307
0.587,2933406
0.6,2933455
0.544,2933505
0.585,2933604
0.689,3100104
0.698,3100203
0.654,3100302
0.63,3100401
0.61,3100500
0.576,3100609
0.675,3100708
0.663,3100807
0.645,3100906
0.601,3101003
0.684,3101102
0.668,3101201
0.649,3101300
0.673,3101409
0.726,3101508
0.761,3101607
0.675,3101631
0.642,3101706
0.646,3101805
0.725,3101904
0.668,3102001
0.661,3102050
0.62,3102100
0.592,3102209
0.676,3102308
0.572,3102407
0.641,3102506
0.734,3102605
0.578,3102704
0.7,3102803
0.597,3102852
0.683,3102902
0.645,3103009
0.684,3103108
0.695,3103207
0.661,3103306
0.663,3103405
0.773,3103504
0.697,3103603
0.536,3103702
0.708,3103751
0.724,3103801
0.698,3103900
0.772,3104007
0.683,3104106
0.749,3104205
0.727,3104304
0.643,3104403
0.582,3104452
0.656,3104502
0.694,3104601
0.588,3104700
0.656,3104809
0.681,3104908
0.671,3105004
0.741,3105103
0.599,3105202
0.692,3105301
0.722,3105400
0.649,3105509
0.769,3105608
0.624,3105707
0.734,3105905
0.674,3106002
0.66,3106101
0.81,3106200
0.686,3106309
0.655,3106408
0.628,3106507
0.594,3106606
0.604,3106655
0.749,3106705
0.62,3106804
0.744,3106903
0.688,3107000
0.704,3107109
0.645,3107208
0.7,3107307
0.75,3107406
0.673,3107505
0.735,3107604
0.683,3107703
0.623,3107802
0.653,3107901
0.692,3108008
0.637,3108107
0.678,3108206
0.537,3108255
0.73,3108305
0.702,3108404
0.602,3108503
0.674,3108552
0.656,3108602
0.625,3108701
0.624,3108800
0.692,3108909
0.747,3109006
0.658,3109105
0.669,3109204
0.627,3109253
0.672,3109303
0.624,3109402
0.648,3109451
0.674,3109501
0.741,3109600
0.706,3109709
0.726,3109808
0.706,3109907
0.728,3110004
0.633,3110103
0.617,3110202
0.687,3110301
0.69,3110400
0.689,3110509
0.751,3110608
0.699,3110707
0.616,3110806
0.709,3110905
0.698,3111002
0.704,3111101
0.621,3111150
0.711,3111200
0.683,3111309
0.706,3111408
0.702,3111507
0.682,3111606
0.649,3111705
0.722,3111804
0.65,3111903
0.678,3112000
0.631,3112059
0.624,3112109
0.648,3112208
0.653,3112307
0.675,3112406
0.695,3112505
0.723,3112604
0.624,3112653
0.639,3112703
0.71,3112802
0.615,3112901
0.558,3113008
0.634,3113107
0.697,3113206
0.695,3113305
0.706,3113404
0.638,3113503
0.683,3113602
0.648,3113701
0.65,3113800
0.655,3113909
0.689,3114006
0.682,3114105
0.71,3114204
0.705,3114303
0.733,3114402
0.7,3114501
0.741,3114550
0.725,3114600
0.724,3114709
0.646,3114808
0.652,3114907
0.721,3115003
0.704,3115102
0.685,3115201
0.751,3115300
0.684,3115359
0.6,3115409
0.54,3115458
0.621,3115474
0.743,3115508
0.678,3115607
0.665,3115706
0.678,3115805
0.664,3115904
0.655,3116001
0.598,3116100
0.635,3116159
0.711,3116209
0.579,3116308
0.698,3116407
0.67,3116506
0.709,3116605
0.669,3116704
0.583,3116803
0.697,3116902
0.593,3117009
0.691,3117108
0.668,3117207
0.712,3117306
0.676,3117405
0.634,3117504
0.7,3117603
0.665,3117702
0.703,3117801
0.621,3117836
0.747,3117876
0.712,3117900
0.753,3118007
0.568,3118106
0.729,3118205
0.761,3118304
0.662,3118403
0.673,3118502
0.756,3118601
0.694,3118700
0.642,3118809
0.656,3118908
0.66,3119005
0.68,3119104
0.626,3119203
0.708,3119302
0.755,3119401
0.627,3119500
0.669,3119609
0.677,3119708
0.692,3119807
0.692,3119906
0.678,3119955
0.632,3120003
0.659,3120102
0.585,3120151
0.692,3120201
0.583,3120300
0.695,3120409
0.668,3120508
0.651,3120607
0.696,3120706
0.695,3120805
0.627,3120839
0.585,3120870
0.713,3120904
0.616,3121001
0.669,3121100
0.74,3121209
0.639,3121258
0.68,3121308
0.639,3121407
0.631,3121506
0.716,3121605
0.601,3121704
0.702,3121803
0.657,3121902
0.605,3122009
0.661,3122108
0.623,3122207
0.764,3122306
0.608,3122355
0.67,3122405
0.609,3122454
0.673,3122470
0.688,3122504
0.622,3122603
0.709,3122702
0.687,3122801
0.701,3122900
0.686,3123007
0.636,3123106
0.719,3123205
0.629,3123304
0.692,3123403
0.706,3123502
0.645,3123528
0.685,3123601
0.644,3123700
0.655,3123809
0.634,3123858
0.672,3123908
0.625,3124005
0.671,3124104
0.663,3124203
0.627,3124302
0.685,3124401
0.691,3124500
0.71,3124609
0.676,3124708
0.696,3124807
0.675,3124906
0.676,3125002
0.732,3125101
0.717,3125200
0.687,3125309
0.606,3125408
0.64,3125507
0.583,3125606
0.648,3125705
0.646,3125804
0.603,3125903
0.58,3125952
0.724,3126000
0.755,3126109
0.64,3126208
0.67,3126307
0.696,3126406
0.622,3126505
0.625,3126604
0.654,3126703
0.603,3126752
0.59,3126802
0.648,3126901
0.543,3126950
0.684,3127008
0.592,3127057
0.544,3127073
0.73,3127107
0.655,3127206
0.654,3127305
0.65,3127339
0.679,3127354
0.647,3127370
0.716,3127388
0.683,3127404
0.606,3127503
0.681,3127602
0.727,3127701
0.604,3127800
0.731,3127909
0.686,3128006
0.679,3128105
0.623,3128204
0.677,3128253
0.701,3128303
0.677,3128402
0.652,3128501
0.69,3128600
0.751,3128709
0.683,3128808
0.693,3128907
0.674,3129004
0.68,3129103
0.657,3129202
0.654,3129301
0.657,3129400
0.718,3129509
0.614,3129608
0.591,3129657
0.706,3129707
0.704,3129806
0.674,3129905
0.675,3130002
0.624,3130051
0.698,3130101
0.651,3130200
0.707,3130309
0.714,3130408
0.68,3130507
0.553,3130556
0.692,3130606
0.61,3130655
0.674,3130705
0.697,3130804
0.658,3130903
0.702,3131000
0.664,3131109
0.665,3131158
0.693,3131208
0.771,3131307
0.696,3131406
0.686,3131505
0.695,3131604
0.756,3131703
0.653,3131802
0.73,3131901
0.628,3132008
0.641,3132107
0.691,3132206
0.552,3132305
0.787,3132404
0.646,3132503
0.688,3132602
0.634,3132701
0.634,3132800
0.674,3132909
0.705,3133006
0.739,3133105
0.65,3133204
0.629,3133303
0.723,3133402
0.713,3133501
0.72,3133600
0.677,3133709
0.776,3133758
0.758,3133808
0.627,3133907
0.6,3134004
0.635,3134103
0.739,3134202
0.726,3134301
0.747,3134400
0.727,3134509
0.681,3134608
0.62,3134707
0.668,3134806
0.715,3134905
0.679,3135001
0.638,3135050
0.609,3135076
0.696,3135100
0.658,3135209
0.721,3135308
0.608,3135357
0.661,3135407
0.624,3135456
0.601,3135506
0.643,3135605
0.689,3135704
0.615,3135803
0.658,3135902
0.587,3136009
0.626,3136108
0.758,3136207
0.697,3136306
0.637,3136405
0.628,3136504
0.632,3136520
0.617,3136553
0.564,3136579
0.662,3136603
0.717,3136652
0.778,3136702
0.669,3136801
0.723,3136900
0.592,3136959
0.541,3137007
0.718,3137106
0.732,3137205
0.634,3137304
0.676,3137403
0.703,3137502
0.679,3137536
0.777,3137601
0.661,3137700
0.711,3137809
0.655,3137908
0.714,3138005
0.629,3138104
0.782,3138203
0.71,3138302
0.67,3138351
0.726,3138401
0.672,3138500
0.71,3138609
0.71,3138625
0.646,3138658
0.608,3138674
0.614,3138682
0.678,3138708
0.724,3138807
0.64,3138906
0.715,3139003
0.699,3139102
0.618,3139201
0.618,3139250
0.642,3139300
0.689,3139409
0.697,3139508
0.675,3139607
0.672,3139706
0.684,3139805
0.702,3139904
0.742,3140001
0.615,3140100
0.699,3140159
0.68,3140209
0.657,3140308
0.65,3140407
0.669,3140506
0.635,3140530
0.581,3140555
0.597,3140605
0.704,3140704
0.72,3140803
0.616,3140852
0.631,3140902
0.662,3141009
0.731,3141108
0.707,3141207
0.711,3141306
0.624,3141405
0.626,3141504
0.664,3141603
0.656,3141702
0.633,3141801
0.658,3141900
0.665,3142007
0.663,3142106
0.68,3142205
0.593,3142254
0.638,3142304
0.721,3142403
0.65,3142502
0.721,3142601
0.613,3142700
0.674,3142809
0.659,3142908
0.688,3143005
0.728,3143104
0.541,3143153
0.71,3143203
0.77,3143302
0.724,3143401
0.587,3143450
0.696,3143500
0.648,3143609
0.597,3143708
0.647,3143807
0.734,3143906
0.644,3144003
0.74,3144102
0.585,3144201
0.701,3144300
0.675,3144359
0.671,3144375
0.693,3144409
0.69,3144508
0.667,3144607
0.556,3144656
0.592,3144672
0.709,3144706
0.813,3144805
0.63,3144904
0.701,3145000
0.641,3145059
0.671,3145109
0.715,3145208
0.571,3145307
0.555,3145356
0.616,3145372
0.636,3145406
0.626,3145455
0.674,3145505
0.699,3145604
0.635,3145703
0.663,3145802
0.637,3145851
0.562,3145877
0.764,3145901
0.722,3146008
0.741,3146107
0.595,3146206
0.599,3146255
0.596,3146305
0.669,3146404
0.728,3146503
0.59,3146552
0.72,3146602
0.703,3146701
0.565,3146750
0.666,3146909
0.744,3147006
0.725,3147105
0.715,3147204
0.729,3147303
0.694,3147402
0.642,3147501
0.715,3147600
0.687,3147709
0.648,3147808
0.756,3147907
0.614,3147956
0.765,3148004
0.729,3148103
0.682,3148202
0.637,3148301
0.625,3148400
0.627,3148509
0.627,3148608
0.627,3148707
0.573,3148756
0.624,3148806
0.708,3148905
0.655,3149002
0.675,3149101
0.614,3149150
0.729,3149200
0.757,3149309
0.637,3149408
0.694,3149507
0.674,3149606
0.703,3149705
0.723,3149804
0.744,3149903
0.651,3149952
0.656,3150000
0.629,3150109
0.612,3150158
0.639,3150208
0.678,3150307
0.626,3150406
0.686,3150505
0.619,3150539
0.594,3150570
0.646,3150604
0.723,3150703
0.6,3150802
0.685,3150901
0.717,3151008
0.709,3151107
0.731,3151206
0.684,3151305
0.725,3151404
0.737,3151503
0.712,3151602
0.691,3151701
0.779,3151800
0.626,3151909
0.689,3152006
0.717,3152105
0.606,3152131
0.595,3152170
0.651,3152204
0.634,3152303
0.624,3152402
0.774,3152501
0.71,3152600
0.689,3152709
0.695,3152808
0.729,3152907
0.721,3153004
0.632,3153103
0.614,3153202
0.595,3153301
0.701,3153400
0.66,3153509
0.69,3153608
0.683,3153707
0.682,3153806
0.73,3153905
0.655,3154002
0.692,3154101
0.629,3154150
0.685,3154200
0.67,3154309
0.683,3154408
0.632,3154457
0.627,3154507
0.684,3154606
0.737,3154705
0.673,3154804
0.65,3154903
0.664,3155009
0.605,3155108
0.602,3155207
0.648,3155306
0.707,3155405
0.709,3155504
0.624,3155603
0.685,3155702
0.714,3155801
0.679,3155900
0.558,3156007
0.653,3156106
0.684,3156205
0.668,3156304
0.708,3156403
0.662,3156452
0.582,3156502
0.609,3156601
0.731,3156700
0.638,3156809
0.732,3156908
0.679,3157005
0.608,3157104
0.707,3157203
0.613,3157252
0.606,3157278
0.637,3157302
0.706,3157336
0.577,3157377
0.625,3157401
0.607,3157500
0.615,3157609
0.567,3157658
0.706,3157708
0.715,3157807
0.61,3157906
0.648,3158003
0.613,3158102
0.64,3158201
0.698,3158300
0.694,3158409
0.628,3158508
0.651,3158607
0.667,3158706
0.647,3158805
0.621,3158904
0.685,3158953
0.665,3159001
0.647,3159100
0.69,3159209
0.682,3159308
0.613,3159357
0.63,3159407
0.607,3159506
0.721,3159605
0.705,3159704
0.71,3159803
0.672,3159902
0.671,3160009
0.633,3160108
0.558,3160207
0.574,3160306
0.724,3160405
0.57,3160454
0.669,3160504
0.657,3160603
0.741,3160702
0.672,3160801
0.664,3160900
0.638,3160959
0.69,3161007
0.62,3161056
0.638,3161106
0.66,3161205
0.688,3161304
0.663,3161403
0.651,3161502
0.6,3161601
0.63,3161650
0.67,3161700
0.689,3161809
0.667,3161908
0.715,3162005
0.736,3162104
0.724,3162203
0.634,3162252
0.653,3162302
0.569,3162401
0.529,3162450
0.758,3162500
0.65,3162559
0.64,3162575
0.648,3162609
0.625,3162658
0.615,3162708
0.638,3162807
0.708,3162906
0.662,3162922
0.739,3162948
0.729,3162955
0.583,3163003
0.704,3163102
0.717,3163201
0.658,3163300
0.666,3163409
0.566,3163508
0.657,3163607
0.759,3163706
0.644,3163805
0.674,3163904
0.659,3164001
0.622,3164100
0.64,3164209
0.672,3164308
0.692,3164407
0.66,3164431
0.607,3164472
0.581,3164506
0.626,3164605
0.722,3164704
0.632,3164803
0.676,3164902
0.662,3165008
0.7,3165107
0.667,3165206
0.715,3165305
0.68,3165404
0.636,3165503
0.734,3165537
0.542,3165552
0.654,3165560
0.661,3165578
0.674,3165602
0.644,3165701
0.684,3165800
0.62,3165909
0.631,3166006
0.565,3166105
0.626,3166204
0.56,3166303
0.66,3166402
0.557,3166501
0.677,3166600
0.651,3166709
0.696,3166808
0.677,3166907
0.633,3166956
0.643,3167004
0.656,3167103
0.76,3167202
0.652,3167301
0.699,3167400
0.638,3167509
0.632,3167608
0.631,3167707
0.697,3167806
0.681,3167905
0.67,3168002
0.645,3168051
0.712,3168101
0.667,3168200
0.651,3168309
0.633,3168408
0.675,3168507
0.701,3168606
0.77,3168705
0.74,3168804
0.683,3168903
0.688,3169000
0.696,3169059
0.661,3169109
0.718,3169208
0.744,3169307
0.752,3169356
0.731,3169406
0.626,3169505
0.719,3169604
0.682,3169703
0.696,3169802
0.724,3169901
0.609,3170008
0.614,3170057
0.772,3170107
0.789,3170206
0.638,3170305
0.736,3170404
0.672,3170438
0.664,3170479
0.633,3170503
0.619,3170529
0.631,3170578
0.696,3170602
0.634,3170651
0.778,3170701
0.711,3170750
0.666,3170800
0.594,3170909
0.742,3171006
0.584,3171030
0.632,3171071
0.667,3171105
0.612,3171154
0.688,3171204
0.775,3171303
0.668,3171402
0.612,3171501
0.61,3171600
0.651,3171709
0.675,3171808
0.62,3171907
0.709,3172004
0.669,3172103
0.678,3172202
0.667,3200102
0.678,3200136
0.652,3200169
0.721,3200201
0.71,3200300
0.664,3200359
0.73,3200409
0.673,3200508
0.752,3200607
0.708,3200706
0.702,3200805
0.683,3200904
0.679,3201001
0.734,3201100
0.656,3201159
0.746,3201209
0.718,3201308
0.726,3201407
0.746,3201506
0.681,3201605
0.67,3201704
0.632,3201803
0.669,3201902
0.654,3202009
0.662,3202108
0.718,3202207
0.694,3202256
0.703,3202306
0.731,3202405
0.647,3202454
0.726,3202504
0.622,3202553
0.729,3202603
0.637,3202652
0.702,3202702
0.654,3202801
0.684,3202900
0.666,3203007
0.678,3203056
0.698,3203106
0.753,3203130
0.656,3203163
0.724,3203205
0.657,3203304
0.696,3203320
0.71,3203346
0.696,3203353
0.67,3203403
0.667,3203502
0.666,3203601
0.645,3203700
0.694,3203809
0.712,3203908
0.667,3204005
0.654,3204054
0.673,3204104
0.727,3204203
0.669,3204252
0.657,3204302
0.681,3204351
0.711,3204401
0.626,3204500
0.671,3204559
0.714,3204609
0.682,3204658
0.709,3204708
0.688,3204807
0.735,3204906
0.7,3204955
0.739,3205002
0.662,3205010
0.663,3205036
0.728,3205069
0.686,3205101
0.681,3205150
0.675,3205176
0.8,3205200
0.845,3205309
0.724,3300100
0.692,3300159
0.718,3300209
0.684,3300225
0.728,3300233
0.733,3300258
0.733,3300308
0.729,3300407
0.684,3300456
0.66,3300506
0.732,3300605
0.735,3300704
0.7,3300803
0.691,3300902
0.713,3300936
0.685,3300951
0.716,3301009
0.709,3301108
0.648,3301157
0.696,3301207
0.726,3301306
0.712,3301405
0.729,3301504
0.659,3301603
0.711,3301702
0.722,3301801
0.698,3301850
0.761,3301876
0.693,3301900
0.715,3302007
0.688,3302056
0.713,3302106
0.73,3302205
0.737,3302254
0.659,3302270
0.668,3302304
0.764,3302403
0.703,3302452
0.709,3302502
0.753,3302601
0.765,3302700
0.736,3302809
0.737,3302858
0.745,3302908
0.713,3303005
0.73,3303104
0.753,3303203
0.837,3303302
0.745,3303401
0.713,3303500
0.72,3303609
0.702,3303708
0.693,3303807
0.671,3303856
0.745,3303906
0.715,3303955
0.708,3304003
0.697,3304102
0.713,3304110
0.69,3304128
0.68,3304144
0.704,3304151
0.768,3304201
0.71,3304300
0.683,3304409
0.68,3304508
0.773,3304524
0.799,3304557
0.668,3304607
0.718,3304706
0.639,3304755
0.691,3304805
0.739,3304904
0.671,3305000
0.719,3305109
0.652,3305133
0.66,3305158
0.712,3305208
0.646,3305307
0.675,3305406
0.709,3305505
0.713,3305554
0.654,3305604
0.611,3305703
0.654,3305752
0.73,3305802
0.667,3305901
0.725,3306008
0.738,3306107
0.659,3306156
0.714,3306206
0.771,3306305
0.79,3500105
0.73,3500204
0.715,3500303
0.781,3500402
0.745,3500501
0.757,3500550
0.854,3500600
0.745,3500709
0.712,3500758
0.741,3500808
0.687,3500907
0.73,3501004
0.7,3501103
0.766,3501152
0.728,3501202
0.758,3501301
0.688,3501400
0.722,3501509
0.811,3501608
0.751,3501707
0.745,3501806
0.785,3501905
0.754,3502002
0.779,3502101
0.719,3502200
0.721,3502309
0.741,3502408
0.755,3502507
0.721,3502606
0.71,3502705
0.704,3502754
0.788,3502804
0.776,3502903
0.74,3503000
0.685,3503109
0.68,3503158
0.815,3503208
0.781,3503307
0.722,3503356
0.744,3503406
0.697,3503505
0.695,3503604
0.733,3503703
0.749,3503802
0.784,3503901
0.735,3503950
0.805,3504008
0.765,3504107
0.773,3504206
0.714,3504305
0.705,3504404
0.767,3504503
0.746,3504602
0.669,3504701
0.756,3504800
0.733,3504909
0.711,3505005
0.699,3505104
0.75,3505203
0.788,3505302
0.66,3505351
0.641,3505401
0.789,3505500
0.725,3505609
0.786,3505708
0.751,3505807
0.761,3505906
0.801,3506003
0.78,3506102
0.744,3506201
0.734,3506300
0.73,3506359
0.768,3506409
0.78,3506508
0.712,3506607
0.681,3506706
0.742,3506805
0.705,3506904
0.78,3507001
0.713,3507100
0.66,3507159
0.746,3507209
0.754,3507308
0.73,3507407
0.705,3507456
0.8,3507506
0.776,3507605
0.737,3507704
0.71,3507753
0.755,3507803
0.74,3507902
0.667,3508009
0.763,3508108
0.735,3508207
0.694,3508306
0.738,3508405
0.788,3508504
0.764,3508603
0.72,3508702
0.742,3508801
0.729,3508900
0.781,3509007
0.697,3509106
0.728,3509205
0.694,3509254
0.734,3509304
0.713,3509403
0.717,3509452
0.805,3509502
0.769,3509601
0.749,3509700
0.706,3509809
0.72,3509908
0.704,3509957
0.747,3510005
0.789,3510104
0.68,3510153
0.721,3510203
0.699,3510302
0.75,3510401
0.759,3510500
0.749,3510609
0.722,3510708
0.73,3510807
0.734,3510906
0.731,3511003
0.785,3511102
0.751,3511201
0.766,3511300
0.729,3511409
0.782,3511508
0.706,3511607
0.736,3511706
0.725,3511904
0.757,3512001
0.71,3512100
0.708,3512209
0.736,3512308
0.758,3512407
0.719,3512506
0.69,3512605
0.754,3512704
0.769,3512803
0.722,3512902
0.78,3513009
0.756,3513108
0.734,3513207
0.774,3513306
0.788,3513405
0.737,3513504
0.684,3513603
0.76,3513702
0.757,3513801
0.741,3513850
0.734,3513900
0.718,3514007
0.725,3514106
0.742,3514205
0.738,3514304
0.776,3514403
0.748,3514502
0.744,3514601
0.745,3514700
0.691,3514809
0.695,3514908
0.747,3514924
0.73,3514957
0.735,3515004
0.749,3515103
0.727,3515129
0.732,3515152
0.787,3515186
0.696,3515194
0.76,3515202
0.74,3515301
0.704,3515350
0.732,3515400
0.797,3515509
0.758,3515608
0.703,3515657
0.738,3515707
0.727,3515806
0.747,3515905
0.715,3516002
0.713,3516101
0.78,3516200
0.703,3516309
0.731,3516408
0.763,3516507
0.709,3516606
0.769,3516705
0.723,3516804
0.719,3516853
0.747,3516903
0.717,3517000
0.735,3517109
0.739,3517208
0.728,3517307
0.753,3517406
0.725,3517505
0.675,3517604
0.718,3517703
0.719,3517802
0.737,3517901
0.732,3518008
0.713,3518107
0.763,3518206
0.731,3518305
0.798,3518404
0.687,3518503
0.719,3518602
0.751,3518701
0.763,3518800
0.743,3518859
0.697,3518909
0.727,3519006
0.793,3519055
0.756,3519071
0.745,3519105
0.733,3519204
0.674,3519253
0.703,3519303
0.74,3519402
0.708,3519501
0.747,3519600
0.71,3519709
0.72,3519808
0.736,3519907
0.727,3520004
0.768,3520103
0.711,3520202
0.726,3520301
0.756,3520400
0.725,3520426
0.812,3520442
0.788,3520509
0.761,3520608
0.751,3520707
0.759,3520806
0.727,3520905
0.719,3521002
0.753,3521101
0.73,3521150
0.703,3521200
0.749,3521309
0.776,3521408
0.713,3521507
0.712,3521606
0.693,3521705
0.713,3521804
0.73,3521903
0.705,3522000
0.745,3522109
0.68,3522158
0.742,3522208
0.763,3522307
0.732,3522406
0.735,3522505
0.762,3522604
0.661,3522653
0.744,3522703
0.719,3522802
0.725,3522901
0.72,3523008
0.714,3523107
0.703,3523206
0.677,3523305
0.778,3523404
0.706,3523503
0.724,3523602
0.707,3523701
0.717,3523800
0.773,3523909
0.762,3524006
0.765,3524105
0.711,3524204
0.778,3524303
0.777,3524402
0.723,3524501
0.717,3524600
0.784,3524709
0.776,3524808
0.756,3524907
0.76,3525003
0.735,3525102
0.733,3525201
0.778,3525300
0.703,3525409
0.699,3525508
0.741,3525607
0.777,3525706
0.716,3525805
0.741,3525854
0.822,3525904
0.745,3526001
0.7,3526100
0.709,3526209
0.693,3526308
0.729,3526407
0.721,3526506
0.729,3526605
0.744,3526704
0.764,3526803
0.775,3526902
0.742,3527009
0.786,3527108
0.766,3527207
0.742,3527256
0.777,3527306
0.752,3527405
0.733,3527504
0.731,3527603
0.702,3527702
0.724,3527801
0.72,3527900
0.77,3528007
0.743,3528106
0.74,3528205
0.753,3528304
0.743,3528403
0.788,3528502
0.739,3528601
0.677,3528700
0.771,3528809
0.752,3528858
0.718,3528908
0.798,3529005
0.731,3529104
0.721,3529203
0.773,3529302
0.766,3529401
0.744,3529500
0.731,3529609
0.724,3529658
0.741,3529708
0.73,3529807
0.697,3529906
0.743,3530003
0.751,3530102
0.724,3530201
0.762,3530300
0.738,3530409
0.762,3530508
0.783,3530607
0.774,3530706
0.784,3530805
0.719,3530904
0.772,3531001
0.754,3531100
0.759,3531209
0.768,3531308
0.785,3531407
0.753,3531506
0.741,3531605
0.71,3531704
0.733,3531803
0.712,3531902
0.715,3532009
0.741,3532058
0.726,3532108
0.714,3532157
0.718,3532207
0.655,3532306
0.678,3532405
0.754,3532504
0.751,3532603
0.713,3532702
0.738,3532801
0.651,3532827
0.715,3532843
0.756,3532868
0.765,3532900
0.739,3533007
0.726,3533106
0.735,3533205
0.719,3533254
0.743,3533304
0.791,3533403
0.753,3533502
0.746,3533601
0.717,3533700
0.73,3533809
0.773,3533908
0.738,3534005
0.77,3534104
0.767,3534203
0.78,3534302
0.776,3534401
0.749,3534500
0.762,3534609
0.778,3534708
0.77,3534757
0.692,3534807
0.725,3534906
0.732,3535002
0.722,3535101
0.753,3535200
0.746,3535309
0.722,3535408
0.762,3535507
0.719,3535606
0.749,3535705
0.717,3535804
0.732,3535903
0.737,3536000
0.727,3536109
0.736,3536208
0.721,3536257
0.73,3536307
0.711,3536406
0.795,3536505
0.718,3536570
0.725,3536604
0.739,3536703
0.677,3536802
0.742,3536901
0.715,3537008
0.769,3537107
0.774,3537156
0.696,3537206
0.759,3537305
0.766,3537404
0.736,3537503
0.749,3537602
0.732,3537701
0.716,3537800
0.69,3537909
0.773,3538006
0.737,3538105
0.725,3538204
0.711,3538303
0.757,3538501
0.739,3538600
0.785,3538709
0.758,3538808
0.749,3538907
0.756,3539004
0.727,3539103
0.776,3539202
0.801,3539301
0.779,3539400
0.723,3539509
0.719,3539608
0.719,3539707
0.771,3539806
0.766,3539905
0.786,3540002
0.755,3540101
0.725,3540200
0.702,3540259
0.732,3540309
0.714,3540408
0.703,3540507
0.758,3540606
0.751,3540705
0.697,3540754
0.747,3540804
0.696,3540853
0.733,3540903
0.754,3541000
0.701,3541059
0.735,3541109
0.757,3541208
0.75,3541307
0.806,3541406
0.763,3541505
0.743,3541604
0.678,3541653
0.738,3541703
0.715,3541802
0.722,3541901
0.732,3542008
0.745,3542107
0.751,3542206
0.657,3542305
0.768,3542404
0.728,3542503
0.754,3542602
0.705,3542701
0.698,3542800
0.712,3542909
0.639,3543006
0.711,3543105
0.747,3543204
0.721,3543238
0.705,3543253
0.784,3543303
0.8,3543402
0.664,3543501
0.74,3543600
0.734,3543709
0.723,3543808
0.803,3543907
0.759,3544004
0.749,3544103
0.703,3544202
0.764,3544251
0.737,3544301
0.721,3544400
0.759,3544509
0.728,3544608
0.73,3544707
0.751,3544806
0.772,3544905
0.732,3545001
0.719,3545100
0.791,3545159
0.78,3545209
0.729,3545308
0.704,3545407
0.709,3545506
0.76,3545605
0.728,3545704
0.781,3545803
0.735,3546009
0.733,3546108
0.79,3546207
0.743,3546256
0.728,3546306
0.762,3546405
0.738,3546504
0.784,3546603
0.737,3546702
0.738,3546801
0.737,3546900
0.686,3547007
0.739,3547106
0.773,3547205
0.814,3547304
0.761,3547403
0.775,3547502
0.77,3547601
0.772,3547650
0.753,3547700
0.815,3547809
0.702,3547908
0.702,3548005
0.757,3548054
0.714,3548104
0.706,3548203
0.732,3548302
0.74,3548401
0.84,3548500
0.72,3548609
0.805,3548708
0.862,3548807
0.805,3548906
0.723,3549003
0.797,3549102
0.72,3549201
0.748,3549250
0.75,3549300
0.762,3549409
0.693,3549508
0.684,3549607
0.774,3549706
0.797,3549805
0.807,3549904
0.728,3549953
0.697,3550001
0.744,3550100
0.71,3550209
0.805,3550308
0.755,3550407
0.703,3550506
0.768,3550605
0.772,3550704
0.701,3550803
0.766,3550902
0.768,3551009
0.707,3551108
0.688,3551207
0.773,3551306
0.686,3551405
0.729,3551504
0.767,3551603
0.761,3551702
0.673,3551801
0.715,3551900
0.678,3552007
0.729,3552106
0.798,3552205
0.747,3552304
0.762,3552403
0.765,3552502
0.699,3552551
0.735,3552601
0.704,3552700
0.769,3552809
0.723,3552908
0.709,3553005
0.71,3553104
0.76,3553203
0.731,3553302
0.748,3553401
0.681,3553500
0.751,3553609
0.759,3553658
0.748,3553708
0.701,3553807
0.679,3553856
0.726,3553906
0.753,3553955
0.752,3554003
0.8,3554102
0.668,3554201
0.741,3554300
0.749,3554409
0.778,3554508
0.71,3554607
0.714,3554656
0.744,3554706
0.722,3554755
0.785,3554805
0.753,3554904
0.728,3554953
0.771,3555000
0.769,3555109
0.751,3555208
0.736,3555307
0.7,3555356
0.751,3555406
0.727,3555505
0.721,3555604
0.749,3555703
0.746,3555802
0.712,3555901
0.745,3556008
0.735,3556107
0.819,3556206
0.725,3556305
0.699,3556354
0.737,3556404
0.77,3556453
0.759,3556503
0.754,3556602
0.817,3556701
0.739,3556800
0.744,3556909
0.725,3556958
0.767,3557006
0.79,3557105
0.729,3557154
0.729,3557204
0.74,3557303
0.687,4100103
0.667,4100202
0.66,4100301
0.699,4100400
0.667,4100459
0.721,4100509
0.696,4100608
0.676,4100707
0.708,4100806
0.669,4100905
0.709,4101002
0.695,4101051
0.725,4101101
0.721,4101150
0.687,4101200
0.656,4101309
0.748,4101408
0.748,4101507
0.723,4101606
0.676,4101655
0.704,4101705
0.74,4101804
0.67,4101853
0.728,4101903
0.729,4102000
0.747,4102109
0.736,4102208
0.696,4102307
0.727,4102406
0.696,4102505
0.706,4102604
0.744,4102703
0.681,4102752
0.716,4102802
0.667,4102901
0.72,4103008
0.7,4103024
0.655,4103040
0.67,4103057
0.64,4103107
0.697,4103156
0.686,4103206
0.742,4103222
0.717,4103305
0.701,4103354
0.681,4103370
0.693,4103404
0.748,4103453
0.692,4103479
0.722,4103503
0.721,4103602
0.734,4103701
0.725,4103800
0.704,4103909
0.63,4103958
0.718,4104006
0.681,4104055
0.686,4104105
0.745,4104204
0.701,4104253
0.757,4104303
0.629,4104402
0.635,4104428
0.635,4104451
0.706,4104501
0.716,4104600
0.728,4104659
0.713,4104709
0.782,4104808
0.703,4104907
0.678,4105003
0.668,4105102
0.573,4105201
0.732,4105300
0.74,4105409
0.755,4105508
0.718,4105607
0.694,4105706
0.733,4105805
0.73,4105904
0.668,4106001
0.707,4106100
0.681,4106209
0.738,4106308
0.759,4106407
0.6,4106456
0.723,4106506
0.638,4106555
0.709,4106571
0.717,4106605
0.713,4106704
0.664,4106803
0.666,4106852
0.823,4106902
0.656,4107009
0.723,4107108
0.608,4107124
0.644,4107157
0.767,4107207
0.724,4107256
0.746,4107306
0.752,4107405
0.73,4107504
0.689,4107520
0.761,4107538
0.636,4107546
0.715,4107553
0.687,4107603
0.72,4107652
0.716,4107702
0.645,4107736
0.677,4107751
0.745,4107801
0.682,4107850
0.736,4107900
0.701,4108007
0.732,4108106
0.723,4108205
0.751,4108304
0.669,4108320
0.774,4108403
0.645,4108452
0.652,4108502
0.675,4108551
0.731,4108601
0.641,4108650
0.658,4108700
0.724,4108809
0.693,4108908
0.669,4108957
0.702,4109005
0.719,4109104
0.698,4109203
0.677,4109302
0.731,4109401
0.587,4109500
0.717,4109609
0.683,4109658
0.71,4109708
0.685,4109757
0.726,4109807
0.666,4109906
0.758,4110003
0.703,4110052
0.622,4110078
0.66,4110102
0.6,4110201
0.705,4110300
0.724,4110409
0.652,4110508
0.706,4110607
0.707,4110656
0.726,4110706
0.665,4110805
0.707,4110904
0.738,4110953
0.694,4111001
0.746,4111100
0.731,4111209
0.637,4111258
0.656,4111308
0.651,4111407
0.73,4111506
0.706,4111555
0.766,4111605
0.718,4111704
0.743,4111803
0.715,4111902
0.743,4112009
0.747,4112108
0.696,4112207
0.696,4112306
0.712,4112405
0.689,4112504
0.682,4112603
0.687,4112702
0.705,4112751
0.7,4112801
0.688,4112900
0.708,4112959
0.718,4113007
0.721,4113106
0.706,4113205
0.585,4113254
0.706,4113304
0.707,4113403
0.68,4113429
0.666,4113452
0.725,4113502
0.744,4113601
0.778,4113700
0.668,4113734
0.69,4113759
0.71,4113809
0.708,4113908
0.719,4114005
0.718,4114104
0.751,4114203
0.655,4114302
0.645,4114351
0.688,4114401
0.716,4114500
0.774,4114609
0.703,4114708
0.735,4114807
0.691,4114906
0.681,4115002
0.639,4115101
0.808,4115200
0.698,4115309
0.758,4115358
0.722,4115408
0.614,4115457
0.721,4115507
0.725,4115606
0.743,4115705
0.632,4115739
0.652,4115754
0.763,4115804
0.74,4115853
0.68,4115903
0.748,4116000
0.711,4116059
0.675,4116109
0.686,4116208
0.726,4116307
0.709,4116406
0.717,4116505
0.698,4116604
0.733,4116703
0.658,4116802
0.722,4116901
0.714,4116950
0.688,4117008
0.642,4117057
0.758,4117107
0.71,4117206
0.68,4117214
0.731,4117222
0.716,4117255
0.651,4117271
0.71,4117297
0.609,4117305
0.72,4117404
0.709,4117453
0.716,4117503
0.66,4117602
0.718,4117701
0.639,4117800
0.768,4117909
0.746,4118006
0.717,4118105
0.75,4118204
0.709,4118303
0.763,4118402
0.747,4118451
0.782,4118501
0.717,4118600
0.708,4118709
0.723,4118808
0.713,4118857
0.7,4118907
0.726,4119004
0.694,4119103
0.751,4119152
0.697,4119202
0.695,4119251
0.654,4119301
0.708,4119400
0.7,4119509
0.702,4119608
0.71,4119657
0.705,4119707
0.706,4119806
0.763,4119905
0.738,4119954
0.738,4120002
0.7,4120101
0.688,4120150
0.735,4120200
0.685,4120309
0.71,4120333
0.752,4120358
0.713,4120408
0.701,4120507
0.676,4120606
0.71,4120655
0.714,4120705
0.742,4120804
0.791,4120853
0.681,4120903
0.688,4121000
0.715,4121109
0.68,4121208
0.63,4121257
0.707,4121307
0.704,4121356
0.722,4121406
0.672,4121505
0.733,4121604
0.618,4121703
0.648,4121752
0.716,4121802
0.701,4121901
0.687,4122008
0.729,4122107
0.629,4122156
0.64,4122172
0.679,4122206
0.76,4122305
0.739,4122404
0.681,4122503
0.713,4122602
0.662,4122651
0.74,4122701
0.7,4122800
0.704,4122909
0.718,4123006
0.653,4123105
0.723,4123204
0.71,4123303
0.705,4123402
0.744,4123501
0.717,4123600
0.72,4123709
0.696,4123808
0.687,4123824
0.609,4123857
0.7,4123907
0.704,4123956
0.687,4124004
0.705,4124020
0.738,4124053
0.718,4124103
0.696,4124202
0.716,4124301
0.671,4124400
0.739,4124509
0.682,4124608
0.637,4124707
0.727,4124806
0.664,4124905
0.693,4125001
0.629,4125100
0.722,4125209
0.743,4125308
0.676,4125357
0.671,4125407
0.713,4125456
0.758,4125506
0.725,4125555
0.719,4125605
0.704,4125704
0.683,4125753
0.717,4125803
0.704,4125902
0.715,4126009
0.725,4126108
0.655,4126207
0.695,4126256
0.699,4126272
0.663,4126306
0.762,4126355
0.725,4126405
0.723,4126504
0.704,4126603
0.693,4126652
0.621,4126678
0.731,4126702
0.703,4126801
0.697,4126900
0.671,4127007
0.734,4127106
0.728,4127205
0.71,4127304
0.714,4127403
0.664,4127502
0.636,4127601
0.768,4127700
0.699,4127809
0.681,4127858
0.611,4127882
0.695,4127908
0.73,4127957
0.672,4127965
0.739,4128005
0.761,4128104
0.74,4128203
0.72,4128302
0.721,4128401
0.687,4128500
0.65,4128534
0.699,4128559
0.72,4128609
0.678,4128625
0.546,4128633
0.722,4128658
0.702,4128708
0.706,4128807
0.694,4200051
0.696,4200101
0.725,4200200
0.741,4200309
0.698,4200408
0.713,4200507
0.745,4200556
0.723,4200606
0.668,4200705
0.755,4200754
0.699,4200804
0.687,4200903
0.688,4201000
0.674,4201109
0.749,4201208
0.708,4201257
0.733,4201273
0.703,4201307
0.76,4201406
0.77,4201505
0.764,4201604
0.715,4201653
0.742,4201703
0.733,4201802
0.733,4201901
0.746,4201950
0.845,4202008
0.716,4202057
0.728,4202073
0.672,4202081
0.701,4202099
0.738,4202107
0.675,4202131
0.705,4202156
0.74,4202206
0.739,4202305
0.806,4202404
0.647,4202438
0.781,4202453
0.696,4202503
0.718,4202537
0.712,4202578
0.699,4202602
0.724,4202701
0.778,4202800
0.78,4202859
0.661,4202875
0.795,4202909
0.735,4203006
0.728,4203105
0.622,4203154
0.726,4203204
0.654,4203253
0.714,4203303
0.641,4203402
0.69,4203501
0.742,4203600
0.697,4203709
0.757,4203808
0.752,4203907
0.767,4203956
0.714,4204004
0.691,4204103
0.719,4204152
0.621,4204178
0.704,4204194
0.79,4204202
0.78,4204251
0.8,4204301
0.747,4204350
0.744,4204400
0.696,4204459
0.78,4204509
0.702,4204558
0.788,4204608
0.742,4204707
0.754,4204756
0.721,4204806
0.743,4204905
0.706,4205001
0.742,4205100
0.716,4205159
0.657,4205175
0.726,4205191
0.723,4205209
0.758,4205308
0.708,4205357
0.847,4205407
0.715,4205431
0.753,4205456
0.731,4205506
0.682,4205555
0.708,4205605
0.753,4205704
0.725,4205803
0.765,4205902
0.747,4206009
0.736,4206108
0.757,4206207
0.754,4206306
0.751,4206405
0.751,4206504
0.73,4206603
0.717,4206652
0.758,4206702
0.725,4206751
0.708,4206801
0.737,4206900
0.741,4207007
0.738,4207106
0.667,4207205
0.765,4207304
0.713,4207403
0.777,4207502
0.795,4207577
0.736,4207601
0.759,4207650
0.66,4207684
0.738,4207700
0.722,4207759
0.742,4207809
0.707,4207858
0.699,4207908
0.771,4208005
0.708,4208104
0.795,4208203
0.796,4208302
0.775,4208401
0.761,4208450
0.748,4208500
0.732,4208609
0.716,4208708
0.721,4208807
0.803,4208906
0.709,4208955
0.827,4209003
0.809,4209102
0.694,4209151
0.719,4209177
0.781,4209201
0.77,4209300
0.752,4209409
0.771,4209458
0.749,4209508
0.735,4209607
0.649,4209706
0.686,4209805
0.743,4209854
0.704,4209904
0.737,4210001
0.789,4210035
0.662,4210050
0.777,4210100
0.698,4210209
0.69,4210308
0.768,4210407
0.781,4210506
0.743,4210555
0.774,4210605
0.657,4210704
0.738,4210803
0.708,4210852
0.76,4210902
0.748,4211009
0.643,4211058
0.675,4211108
0.738,4211207
0.701,4211256
0.736,4211306
0.765,4211405
0.736,4211454
0.748,4211504
0.768,4211603
0.706,4211652
0.755,4211702
0.74,4211751
0.774,4211801
0.695,4211850
0.718,4211876
0.664,4211892
0.757,4211900
0.704,4212007
0.671,4212056
0.737,4212106
0.704,4212205
0.7,4212239
0.72,4212254
0.659,4212270
0.716,4212304
0.728,4212403
0.743,4212502
0.766,4212601
0.716,4212700
0.756,4212809
0.783,4212908
0.777,4213005
0.758,4213104
0.751,4213153
0.78,4213203
0.673,4213302
0.689,4213351
0.693,4213401
0.76,4213500
0.786,4213609
0.72,4213708
0.718,4213807
0.77,4213906
0.759,4214003
0.737,4214102
0.706,4214151
0.73,4214201
0.753,4214300
0.697,4214409
0.729,4214508
0.754,4214607
0.729,4214706
0.802,4214805
0.806,4214904
0.738,4215000
0.653,4215059
0.714,4215075
0.754,4215109
0.692,4215208
0.744,4215307
0.654,4215356
0.784,4215406
0.7,4215455
0.698,4215505
0.727,4215554
0.757,4215604
0.705,4215653
0.669,4215679
0.682,4215687
0.728,4215695
0.781,4215703
0.677,4215752
0.782,4215802
0.731,4215901
0.769,4216008
0.665,4216057
0.765,4216107
0.762,4216206
0.761,4216255
0.74,4216305
0.738,4216354
0.695,4216404
0.687,4216503
0.809,4216602
0.731,4216701
0.636,4216800
0.749,4216909
0.755,4217006
0.742,4217105
0.71,4217154
0.801,4217204
0.734,4217253
0.755,4217303
0.769,4217402
0.779,4217501
0.773,4217550
0.774,4217600
0.728,4217709
0.707,4217758
0.761,4217808
0.737,4217907
0.717,4217956
0.76,4218004
0.72,4218103
0.784,4218202
0.659,4218251
0.706,4218301
0.774,4218350
0.729,4218400
0.795,4218509
0.775,4218608
0.796,4218707
0.752,4218756
0.74,4218806
0.705,4218855
0.694,4218905
0.699,4218954
0.772,4219002
0.686,4219101
0.629,4219150
0.718,4219176
0.7,4219200
0.764,4219309
0.673,4219358
0.71,4219408
0.775,4219507
0.749,4219606
0.752,4219705
0.761,4219853
0.687,4300034
0.75,4300059
0.694,4300109
0.753,4300208
0.672,4300307
0.74,4300406
0.695,4300455
0.74,4300471
0.671,4300505
0.747,4300554
0.734,4300570
0.699,4300604
0.624,4300638
0.682,4300646
0.72,4300661
0.74,4300703
0.758,4300802
0.691,4300851
0.679,4300877
0.772,4300901
0.769,4301008
0.74,4301057
0.669,4301073
0.698,4301107
0.707,4301206
0.657,4301305
0.694,4301404
0.743,4301503
0.707,4301552
0.74,4301602
0.696,4301636
0.748,4301651
0.719,4301701
0.61,4301750
0.71,4301800
0.734,4301859
0.662,4301875
0.67,4301909
0.723,4301925
0.763,4301958
0.65,4302006
0.619,4302055
0.778,4302105
0.676,4302154
0.762,4302204
0.703,4302220
0.731,4302238
0.728,4302253
0.666,4302303
0.746,4302352
0.723,4302378
0.739,4302402
0.7,4302451
0.692,4302501
0.745,4302584
0.674,4302600
0.699,4302659
0.689,4302709
0.704,4302808
0.7,4302907
0.742,4303004
0.757,4303103
0.662,4303202
0.719,4303301
0.699,4303400
0.697,4303509
0.736,4303558
0.697,4303608
0.706,4303673
0.738,4303707
0.76,4303806
0.745,4303905
0.703,4304002
0.708,4304101
0.674,4304200
0.728,4304309
0.698,4304358
0.748,4304408
0.65,4304507
0.75,4304606
0.713,4304614
0.637,4304622
0.743,4304630
0.672,4304655
0.637,4304663
0.766,4304671
0.661,4304689
0.746,4304697
0.766,4304705
0.652,4304713
0.796,4304804
0.739,4304853
0.785,4304903
0.703,4304952
0.739,4305009
0.782,4305108
0.701,4305116
0.649,4305124
0.661,4305132
0.674,4305157
0.66,4305173
0.764,4305207
0.757,4305306
0.747,4305355
0.62,4305371
0.732,4305405
0.706,4305439
0.616,4305447
0.729,4305454
0.719,4305504
0.765,4305587
0.758,4305603
0.747,4305702
0.754,4305801
0.692,4305835
0.746,4305850
0.744,4305871
0.665,4305900
0.727,4305934
0.741,4305959
0.706,4305975
0.712,4306007
0.644,4306056
0.66,4306072
0.75,4306106
0.719,4306130
0.723,4306205
0.762,4306304
0.707,4306320
0.654,4306353
0.648,4306379
0.743,4306403
0.67,4306429
0.757,4306452
0.587,4306502
0.691,4306551
0.708,4306601
0.697,4306700
0.706,4306734
0.724,4306759
0.717,4306767
0.767,4306809
0.657,4306908
0.717,4306924
0.68,4306932
0.703,4306957
0.712,4306973
0.776,4307005
0.716,4307054
0.687,4307104
0.681,4307203
0.685,4307302
0.68,4307401
0.661,4307450
0.765,4307500
0.753,4307559
0.757,4307609
0.754,4307708
0.767,4307807
0.679,4307815
0.712,4307831
0.763,4307864
0.777,4307906
0.72,4308003
0.666,4308052
0.698,4308078
0.75,4308102
0.754,4308201
0.663,4308250
0.661,4308300
0.682,4308409
0.683,4308433
0.756,4308458
0.76,4308508
0.786,4308607
0.671,4308656
0.738,4308706
0.686,4308805
0.733,4308854
0.746,4308904
0.721,4309001
0.714,4309050
0.764,4309100
0.685,4309126
0.634,4309159
0.736,4309209
0.758,4309258
0.73,4309308
0.765,4309407
0.737,4309506
0.749,4309555
0.616,4309571
0.783,4309605
0.643,4309654
0.738,4309704
0.652,4309753
0.739,4309803
0.724,4309902
0.638,4309951
0.765,4310009
0.721,4310108
0.781,4310207
0.73,4310306
0.764,4310330
0.743,4310363
0.693,4310405
0.673,4310413
0.728,4310439
0.791,4310462
0.691,4310504
0.76,4310538
0.657,4310553
0.664,4310579
0.713,4310603
0.669,4310652
0.681,4310702
0.724,4310751
0.784,4310801
0.658,4310850
0.662,4310876
0.726,4310900
0.707,4311007
0.712,4311106
0.614,4311122
0.631,4311130
0.686,4311155
0.716,4311205
0.67,4311239
0.643,4311254
0.789,4311270
0.738,4311304
0.778,4311403
0.613,4311429
0.699,4311502
0.685,4311601
0.712,4311627
0.749,4311643
0.692,4311700
0.684,4311718
0.649,4311734
0.655,4311759
0.682,4311775
0.697,4311791
0.774,4311809
0.724,4311908
0.701,4311981
0.73,4312005
0.687,4312054
0.656,4312104
0.727,4312138
0.746,4312153
0.717,4312179
0.699,4312203
0.681,4312252
0.725,4312302
0.764,4312351
0.65,4312377
0.752,4312385
0.755,4312401
0.714,4312427
0.711,4312443
0.702,4312450
0.743,4312476
0.664,4312500
0.746,4312609
0.702,4312617
0.689,4312625
0.765,4312658
0.753,4312674
0.702,4312708
0.74,4312757
0.785,4312807
0.747,4312906
0.768,4312955
0.778,4313003
0.759,4313011
0.735,4313037
0.689,4313060
0.761,4313086
0.744,4313102
0.78,4313201
0.766,4313300
0.742,4313334
0.741,4313359
0.718,4313375
0.688,4313391
0.747,4313409
0.663,4313425
0.676,4313441
0.767,4313466
0.706,4313490
0.751,4313508
0.706,4313607
0.715,4313656
0.737,4313706
0.72,4313805
0.761,4313904
0.661,4313953
0.773,4314001
0.676,4314027
0.749,4314035
0.704,4314050
0.622,4314068
0.698,4314076
0.776,4314100
0.71,4314134
0.683,4314159
0.64,4314175
0.678,4314209
0.741,4314308
0.739,4314407
0.758,4314423
0.72,4314456
0.65,4314464
0.678,4314472
0.71,4314498
0.661,4314506
0.669,4314555
0.658,4314605
0.687,4314704
0.744,4314753
0.725,4314779
0.725,4314787
0.713,4314803
0.805,4314902
0.693,4315008
0.698,4315057
0.69,4315073
0.723,4315107
0.715,4315131
0.757,4315149
0.683,4315156
0.733,4315172
0.715,4315206
0.704,4315305
0.689,4315313
0.665,4315321
0.756,4315354
0.631,4315404
0.731,4315453
0.683,4315503
0.656,4315552
0.744,4315602
0.693,4315701
0.661,4315750
0.729,4315800
0.732,4315909
0.689,4315958
0.688,4316006
0.724,4316105
0.764,4316204
0.688,4316303
0.699,4316402
0.678,4316428
0.762,4316436
0.687,4316451
0.753,4316477
0.74,4316501
0.747,4316600
0.725,4316709
0.725,4316733
0.74,4316758
0.773,4316808
0.784,4316907
0.676,4316956
0.663,4316972
0.633,4317004
0.727,4317103
0.769,4317202
0.746,4317251
0.712,4317301
0.766,4317400
0.772,4317509
0.764,4317558
0.717,4317608
0.686,4317707
0.759,4317756
0.739,4317806
0.738,4317905
0.732,4317954
0.736,4318002
0.763,4318051
0.675,4318101
0.685,4318200
0.699,4318309
0.696,4318408
0.694,4318424
0.748,4318432
0.732,4318440
0.651,4318457
0.717,4318465
0.707,4318481
0.747,4318499
0.623,4318507
0.755,4318606
0.725,4318614
0.663,4318622
0.739,4318705
0.687,4318804
0.741,4318903
0.768,4319000
0.726,4319109
0.652,4319125
0.667,4319158
0.645,4319208
0.692,4319307
0.739,4319356
0.664,4319364
0.763,4319372
0.709,4319406
0.739,4319505
0.708,4319604
0.72,4319703
0.764,4319711
0.642,4319737
0.754,4319752
0.685,4319802
0.711,4319901
0.726,4320008
0.777,4320107
0.723,4320206
0.712,4320230
0.659,4320263
0.777,4320305
0.693,4320321
0.671,4320354
0.76,4320404
0.652,4320453
0.751,4320503
0.689,4320552
0.683,4320578
0.752,4320602
0.742,4320651
0.631,4320677
0.743,4320701
0.731,4320800
0.701,4320859
0.76,4320909
0.747,4321006
0.695,4321105
0.727,4321204
0.733,4321303
0.739,4321329
0.656,4321352
0.708,4321402
0.689,4321436
0.747,4321451
0.742,4321469
0.689,4321477
0.683,4321493
0.762,4321501
0.719,4321600
0.701,4321626
0.791,4321634
0.718,4321667
0.71,4321709
0.759,4321808
0.662,4321832
0.703,4321857
0.768,4321907
0.687,4321956
0.733,4322004
0.747,4322103
0.657,4322152
0.694,4322186
0.709,4322202
0.718,4322251
0.728,4322301
0.629,4322327
0.7,4322343
0.733,4322350
0.649,4322376
0.744,4322400
0.721,4322509
0.646,4322525
0.624,4322533
0.737,4322541
0.757,4322558
0.712,4322608
0.737,4322707
0.773,4322806
0.723,4322855
0.702,4322905
0.717,4323002
0.638,4323101
0.777,4323200
0.742,4323309
0.705,4323358
0.761,4323408
0.662,4323457
0.739,4323507
0.78,4323606
0.757,4323705
0.655,4323754
0.752,4323770
0.735,4323804
0.67,5000203
0.711,5000252
0.673,5000609
0.663,5000708
0.67,5000807
0.697,5000856
0.643,5000906
0.697,5001003
0.688,5001102
0.633,5001243
0.681,5001508
0.71,5001904
0.684,5002001
0.698,5002100
0.666,5002159
0.67,5002209
0.701,5002308
0.692,5002407
0.703,5002605
0.784,5002704
0.647,5002803
0.727,5002902
0.754,5002951
0.671,5003108
0.589,5003157
0.7,5003207
0.706,5003256
0.703,5003306
0.694,5003454
0.639,5003488
0.699,5003504
0.747,5003702
0.684,5003751
0.714,5003801
0.66,5003900
0.721,5004007
0.675,5004106
0.662,5004304
0.681,5004403
0.654,5004502
0.62,5004601
0.72,5004700
0.526,5004809
0.664,5004908
0.712,5005004
0.708,5005103
0.623,5005152
0.704,5005202
0.672,5005251
0.736,5005400
0.632,5005608
0.686,5005681
0.7,5005707
0.639,5005806
0.694,5006002
0.721,5006200
0.649,5006259
0.721,5006309
0.588,5006358
0.671,5006408
0.701,5006606
0.666,5006903
0.664,5007109
0.715,5007208
0.709,5007307
0.673,5007406
0.651,5007505
0.642,5007554
0.729,5007695
0.614,5007703
0.682,5007802
0.686,5007901
0.681,5007935
0.593,5007950
0.651,5007976
0.658,5008008
0.744,5008305
0.711,5008404
0.628,5100102
0.729,5100201
0.714,5100250
0.704,5100300
0.651,5100359
0.701,5100409
0.638,5100508
0.705,5100607
0.675,5100805
0.687,5101001
0.701,5101209
0.725,5101258
0.704,5101308
0.675,5101407
0.6,5101605
0.693,5101704
0.748,5101803
0.661,5101852
0.696,5101902
0.708,5102504
0.538,5102603
0.734,5102637
0.75,5102678
0.744,5102686
0.667,5102694
0.693,5102702
0.665,5102793
0.665,5102850
0.688,5103007
0.699,5103056
0.66,5103106
0.713,5103205
0.611,5103254
0.689,5103304
0.668,5103353
0.718,5103361
0.601,5103379
0.785,5103403
0.69,5103437
0.683,5103452
0.718,5103502
0.69,5103601
0.692,5103700
0.679,5103809
0.615,5103858
0.67,5103908
0.71,5103957
0.703,5104104
0.705,5104203
0.661,5104500
0.727,5104526
0.71,5104542
0.69,5104559
0.693,5104609
0.735,5104807
0.63,5104906
0.673,5105002
0.682,5105101
0.716,5105150
0.662,5105176
0.714,5105200
0.627,5105234
0.768,5105259
0.676,5105309
0.645,5105507
0.701,5105580
0.716,5105606
0.704,5105622
0.699,5105903
0.702,5106000
0.638,5106109
0.65,5106158
0.595,5106174
0.636,5106182
0.714,5106190
0.651,5106208
0.686,5106216
0.758,5106224
0.682,5106232
0.669,5106240
0.704,5106257
0.674,5106265
0.664,5106273
0.649,5106281
0.672,5106299
0.667,5106307
0.653,5106315
0.679,5106372
0.649,5106422
0.656,5106455
0.652,5106505
0.734,5106653
0.686,5106703
0.703,5106752
0.673,5106778
0.685,5106802
0.652,5106828
0.599,5106851
0.678,5107008
0.752,5107040
0.692,5107065
0.719,5107107
0.676,5107156
0.67,5107180
0.692,5107198
0.707,5107206
0.715,5107248
0.689,5107263
0.661,5107297
0.682,5107305
0.657,5107354
0.66,5107404
0.64,5107578
0.755,5107602
0.65,5107701
0.684,5107743
0.666,5107750
0.735,5107768
0.609,5107776
0.655,5107792
0.656,5107800
0.668,5107859
0.732,5107875
0.664,5107883
0.754,5107909
0.744,5107925
0.695,5107941
0.729,5107958
0.714,5108006
0.698,5108055
0.655,5108105
0.716,5108204
0.665,5108303
0.656,5108352
0.734,5108402
0.68,5108501
0.688,5108600
0.688,5108808
0.704,5108857
0.663,5108907
0.691,5108956
0.708,5200050
0.689,5200100
0.686,5200134
0.702,5200159
0.671,5200175
0.722,5200209
0.686,5200258
0.682,5200308
0.697,5200506
0.719,5200555
0.713,5200605
0.66,5200803
0.609,5200829
0.7,5200852
0.681,5200902
0.737,5201108
0.725,5201207
0.714,5201306
0.718,5201405
0.693,5201454
0.693,5201504
0.693,5201603
0.732,5201702
0.684,5201801
0.674,5202155
0.687,5202353
0.675,5202502
0.7,5202601
0.66,5202809
0.655,5203104
0.742,5203203
0.716,5203302
0.67,5203401
0.701,5203500
0.683,5203559
0.63,5203575
0.701,5203609
0.672,5203807
0.71,5203906
0.687,5203939
0.704,5203962
0.668,5204003
0.71,5204102
0.727,5204201
0.698,5204250
0.73,5204300
0.693,5204409
0.733,5204508
0.685,5204557
0.653,5204607
0.631,5204656
0.688,5204706
0.694,5204805
0.661,5204854
0.692,5204904
0.654,5204953
0.713,5205000
0.701,5205059
0.766,5205109
0.664,5205208
0.584,5205307
0.775,5205406
0.711,5205455
0.742,5205471
0.717,5205497
0.657,5205513
0.658,5205521
0.686,5205703
0.68,5205802
0.698,5205901
0.699,5206206
0.688,5206305
0.708,5206404
0.706,5206503
0.737,5206602
0.654,5206701
0.697,5206800
0.716,5206909
0.729,5207105
0.668,5207253
0.702,5207352
0.739,5207402
0.707,5207501
0.65,5207535
0.685,5207600
0.732,5207808
0.597,5207907
0.744,5208004
0.715,5208103
0.659,5208152
0.653,5208301
0.703,5208400
0.76,5208509
0.727,5208608
0.799,5208707
0.694,5208806
0.709,5208905
0.725,5209101
0.674,5209150
0.697,5209200
0.687,5209291
0.637,5209408
0.652,5209457
0.694,5209606
0.706,5209705
0.677,5209804
0.644,5209903
0.692,5209937
0.701,5209952
0.72,5210000
0.701,5210109
0.696,5210158
0.743,5210208
0.711,5210307
0.719,5210406
0.693,5210562
0.718,5210604
0.691,5210802
0.725,5210901
0.677,5211008
0.726,5211206
0.693,5211305
0.718,5211404
0.752,5211503
0.704,5211602
0.707,5211701
0.699,5211800
0.757,5211909
0.689,5212006
0.649,5212055
0.706,5212105
0.743,5212204
0.74,5212253
0.659,5212303
0.701,5212501
0.745,5212600
0.626,5212709
0.691,5212808
0.699,5212907
0.679,5212956
0.677,5213004
0.665,5213053
0.707,5213087
0.718,5213103
0.696,5213400
0.615,5213509
0.707,5213707
0.733,5213756
0.613,5213772
0.734,5213806
0.695,5213855
0.706,5213905
0.683,5214002
0.634,5214051
0.68,5214101
0.71,5214408
0.721,5214507
0.715,5214606
0.678,5214705
0.747,5214804
0.643,5214838
0.681,5214861
0.655,5214879
0.634,5214903
0.718,5215009
0.699,5215207
0.684,5215231
0.658,5215256
0.715,5215306
0.719,5215405
0.747,5215504
0.651,5215603
0.713,5215652
0.698,5215702
0.73,5215801
0.722,5215900
0.686,5216007
0.711,5216304
0.672,5216403
0.676,5216452
0.712,5216809
0.684,5216908
0.721,5217104
0.721,5217203
0.693,5217302
0.744,5217401
0.669,5217609
0.687,5217708
0.727,5218003
0.684,5218052
0.654,5218102
0.659,5218300
0.684,5218391
0.74,5218508
0.727,5218607
0.693,5218706
0.731,5218789
0.754,5218805
0.719,5218904
0.736,5219001
0.706,5219100
0.688,5219209
0.713,5219258
0.724,5219308
0.683,5219357
0.714,5219407
0.634,5219456
0.701,5219506
0.665,5219605
0.701,5219704
0.691,5219712
0.723,5219738
0.665,5219753
0.597,5219803
0.651,5219902
0.685,5220009
0.724,5220058
0.731,5220108
0.669,5220157
0.664,5220207
0.697,5220264
0.693,5220280
0.72,5220405
0.701,5220454
0.681,5220504
0.709,5220603
0.645,5220686
0.617,5220702
0.716,5221007
0.661,5221080
0.685,5221197
0.745,5221304
0.699,5221403
0.653,5221452
0.697,5221502
0.691,5221551
0.67,5221577
0.737,5221601
0.703,5221700
0.732,5221809
0.746,5221858
0.687,5221908
0.712,5222005
0.684,5222054
0.647,5222203
0.634,5222302
0.824,5300108
