CodMunIBGE,"PIB (mil R$), a pre√ßos de 2010"
2209450,7217
2206308,7371
2210375,8559
2210383,8899
2414902,9051
2200954,9220
2203859,9426
2205540,9430
2510659,9542
3115607,9627
2512606,9675
2501153,10048
2201309,10143
2517407,10148
2207934,10327
3166600,10484
2514651,10487
3147501,10529
2210953,10586
2207108,10642
2500734,10662
2204154,10705
2210979,10707
2201572,10777
2209609,10984
2504850,11051
2512788,11057
1720150,11116
1704600,11127
2210391,11143
1715507,11237
2202075,11396
5201207,11491
2505303,11527
2502201,11571
2207793,11581
5101209,11609
2208601,11675
2203255,11796
1718659,11847
3146602,11879
2513943,11909
3149408,11927
3160504,12023
2211506,12027
3132800,12031
3164803,12066
2208551,12153
2407906,12354
2209757,12397
3103306,12473
2209500,12502
1720937,12508
3118502,12519
3165602,12532
2513653,12553
2207355,12572
2504108,12713
2405900,12731
2509370,12759
3145406,12836
2413805,12959
2206951,12971
1703826,13096
3167301,13265
2208874,13333
2404804,13377
2207850,13463
2205359,13464
2209559,13563
2510709,13582
3156205,13591
3147808,13601
2514602,13606
2202737,13626
2403756,13674
2502052,13677
5107883,13758
2500577,13797
3554656,13985
2207553,14055
2513851,14186
5106703,14257
2204600,14271
2210359,14275
2405504,14288
2414308,14319
2204550,14371
3158706,14406
2403905,14407
2201556,14416
2410702,14422
2409605,14428
2513000,14435
2201988,14521
3153301,14530
2506202,14547
2203271,14615
1720002,14702
3115409,14708
2203420,14746
2410603,14760
2508406,14766
2207959,14777
2209153,14783
2513968,14801
2205250,14819
3113800,14838
2210904,14848
1711803,14853
3165560,14855
1715150,14874
2206753,14892
2209955,14906
2203750,14915
2211605,14966
3503950,14972
3127909,15003
3167004,15059
3126950,15063
2201176,15097
2202455,15108
2400406,15133
2800100,15253
1704105,15278
3153806,15313
2211704,15323
2202251,15323
3123403,15348
2513356,15383
2202802,15429
2209856,15433
3113107,15434
2211357,15464
1713700,15467
3172202,15518
1709807,15535
2101350,15537
2200103,15566
2409209,15603
5221080,15638
2515203,15686
2516755,15732
3540853,15734
2202117,15745
3127354,15752
2512747,15786
3145703,15788
2515609,15797
3166402,15837
3148806,15844
5212055,15934
2407252,15954
2205458,16006
1718006,16061
2204105,16077
3556958,16088
2206654,16107
3165800,16109
2210102,16170
2209351,16207
1700251,16234
2205565,16260
2516151,16317
5204201,16344
3122801,16349
3164902,16381
3155009,16434
2414753,16470
2517100,16485
2514800,16499
1719004,16501
3144201,16517
2111953,16534
2512036,16543
2510600,16588
2401909,16595
2208858,16618
3533106,16633
2202554,16653
2505501,16679
4302055,16711
2202851,16746
2401651,16762
2201002,16801
2207306,16807
2107308,16823
2209807,16826
2209377,16896
2704906,16898
2206001,16918
1712801,16973
2503407,16978
2513984,16985
3143153,17007
2211407,17011
4205357,17047
3170305,17087
2202711,17125
2207751,17143
2203800,17175
2508554,17231
5105309,17233
2205532,17234
2910206,17237
2100105,17246
2201929,17261
3125507,17265
3163607,17271
5106315,17284
3547650,17303
3124609,17339
3109253,17386
2510501,17407
2806909,17426
2201804,17458
2503753,17475
2414456,17494
2511004,17507
2209658,17533
2707008,17588
2406155,17595
2802502,17630
2411106,17655
3136520,17729
2508703,17733
3127370,17735
1711951,17744
2506509,17786
3504701,17822
3518008,17899
2807303,17964
5209457,17970
3168051,18003
2408607,18006
1712405,18046
2406403,18069
3125804,18080
2110807,18089
3166956,18091
2411700,18102
2912608,18134
2505907,18135
2205599,18173
2514552,18176
5203962,18197
3171501,18300
2410009,18322
4315073,18368
5220280,18416
2411908,18421
3142502,18425
3166501,18492
2206050,18503
3536570,18550
5209291,18553
3137908,18555
2706208,18559
2411429,18569
3101300,18592
2415008,18598
3166105,18637
2204006,18644
2210623,18663
3119906,18680
3162658,18780
3522158,18787
2406908,18866
2202729,18875
2101806,18880
4217956,18899
5213400,18904
1706258,18920
2501351,18924
2201945,18928
2201770,18944
5206701,18967
1703602,18970
2304806,18992
3104403,18995
1703891,19058
4107520,19059
1718808,19060
2514107,19071
3111150,19094
5215801,19145
2205524,19225
2106201,19311
4304853,19432
2400604,19440
2201919,19481
3149002,19493
2504074,19527
3160207,19544
2918704,19609
2209302,19640
3108701,19658
3522653,19686
2200277,19686
3161650,19691
3547205,19704
2202091,19711
1718881,19746
2205300,19841
2509602,19956
2401503,19993
2911253,20034
4116505,20064
2508109,20119
3121704,20119
5213855,20176
2513927,20183
5220702,20223
2206357,20226
5214705,20315
3145505,20328
1712454,20333
2202109,20337
3158607,20386
2207777,20430
3529104,20450
3114907,20478
2913309,20483
2705903,20489
2101731,20542
2202133,20564
3127057,20574
5212253,20580
3158409,20580
3121506,20585
2109056,20590
2202539,20638
2203602,20643
2512077,20655
2908804,20669
2105658,20675
3123304,20679
2202174,20742
3555901,20749
2111672,20768
1720853,20787
2514453,20795
2408805,20800
2517209,20802
2505352,20814
3106804,20822
2209872,20830
2411007,20867
2403301,20874
1703883,20877
2512762,20925
2501534,20935
2210052,20942
3106655,20962
2404002,20972
2505808,20982
1718501,21001
2410801,21010
3118106,21024
2206670,21032
4116000,21080
2408706,21104
3103108,21125
3112059,21138
3548302,21142
2103125,21147
2407609,21148
2514701,21157
2205573,21164
2512754,21173
2209104,21176
1721307,21176
2909505,21189
2510303,21237
3120003,21259
1715101,21269
2607109,21277
3126406,21282
2111631,21306
2509503,21337
5200506,21338
3170651,21342
3536257,21382
2210300,21406
1720309,21421
2104701,21451
5214804,21485
3107000,21516
3515806,21530
3543238,21532
3144375,21541
4112603,21546
2201739,21553
2206902,21561
4305835,21569
2408409,21594
2209708,21607
3140100,21621
5200159,21647
3102209,21650
3163300,21668
3110400,21713
3157278,21721
3125002,21748
3159100,21761
3119609,21770
3162302,21771
1702703,21788
3140308,21838
4125555,21892
2209971,21894
2205276,21901
2202653,21915
2100550,21934
2204352,21936
2413557,21970
3102407,21985
2409332,22042
3161601,22064
2504207,22150
4217154,22193
2205516,22211
3144904,22223
3152131,22261
2301802,22268
2112274,22281
4211876,22301
4304614,22345
3157609,22377
1711100,22390
2203354,22408
1717800,22415
3100401,22440
2209906,22488
3157377,22490
3542800,22493
2502300,22572
3168200,22575
2406809,22636
3503158,22642
2201051,22660
1720101,22707
3532843,22721
4209458,22752
3514205,22752
4301859,22754
5210158,22763
3104452,22795
3136579,22824
5206800,22839
3138302,22840
2410504,22841
3127073,22844
5214879,22847
2919009,22862
1715002,22874
3145372,22906
1717206,22919
1718899,22945
3139250,22994
3121902,23020
4123600,23038
4306353,23040
3544707,23066
3554607,23067
2200905,23124
1507466,23155
3503505,23168
3157658,23218
2200459,23226
3163003,23259
3138351,23275
3170602,23316
2205151,23318
2515708,23321
2409506,23324
3153103,23329
3515657,23330
2300606,23341
2910909,23366
3140407,23366
3140209,23369
2413706,23376
3115904,23414
3158102,23418
2413300,23481
4317251,23491
2402907,23493
3117405,23510
3527504,23514
2408508,23515
2709004,23529
2200053,23564
2209005,23612
3144672,23622
2801900,23624
3115201,23636
4311429,23661
2805000,23697
3133907,23700
3521200,23714
4309126,23739
2502102,23769
2205904,23778
3159407,23819
3116209,23844
1714302,23850
3161056,23860
5203939,23871
3115474,23889
2411809,23904
2201960,23929
3127503,23936
2515930,23942
1718550,24034
2206704,24062
3150000,24065
2924108,24073
3149507,24088
3553658,24096
2700805,24114
4319364,24119
3549201,24170
3155207,24181
2919959,24189
3147956,24213
5106174,24227
3130002,24237
3549003,24270
3102506,24276
2513505,24320
2514305,24333
2929354,24334
1506906,24334
5107297,24340
4202099,24341
2922805,24345
3117207,24352
2413102,24362
4311643,24367
3106606,24369
2512200,24434
2500536,24457
3128253,24466
3163201,24468
4305934,24512
4311734,24518
2603405,24534
3125408,24537
3112208,24541
4204756,24570
3127388,24611
5107263,24623
2104628,24654
1713957,24676
2405405,24695
5220058,24748
2210201,24750
2411601,24755
3148400,24756
2402808,24794
3171154,24795
5219506,24807
2200251,24824
3150539,24885
3140605,24893
2703700,24915
4204459,24996
3129657,25026
4313441,25032
5207105,25046
3167905,25071
4320651,25083
3105202,25101
3123858,25126
2312809,25138
2503100,25138
2614402,25158
2513802,25195
3146750,25198
5107743,25214
1701051,25223
4320453,25257
2102374,25259
2705309,25263
4108551,25300
3153202,25302
3136801,25311
2200608,25362
4316428,25367
2505279,25385
3551207,25395
3554755,25408
2514008,25424
3121001,25427
1705607,25436
3136959,25442
3505005,25454
1703073,25458
2508802,25475
4322186,25545
2414704,25567
3120839,25568
3146552,25568
2705408,25580
2309904,25581
3549300,25635
3165909,25644
3505351,25657
4312005,25665
5212006,25681
5221452,25685
2202752,25686
3122108,25699
3112653,25713
2706604,25724
2702207,25725
4119251,25736
2311231,25750
2500205,25767
4209177,25787
2414159,25819
4124202,25839
2205557,25846
4205175,25847
3162252,25879
1718709,25883
3155108,25885
4108106,25906
3150208,25945
2207207,25949
4313466,25961
2202026,25980
2611533,25990
2109759,25993
2401602,26051
2205854,26051
4314787,26064
1721257,26070
2506608,26088
3160108,26091
4107124,26112
3170479,26122
5216908,26168
3126752,26175
2101939,26190
2801108,26214
5205521,26248
2509156,26253
5209408,26298
3120102,26318
4210704,26335
3136553,26349
2513307,26380
2109239,26412
2304277,26418
4318465,26426
3171402,26450
2206506,26463
3122603,26465
2501203,26484
2510204,26508
3546256,26512
2501708,26528
3141702,26545
2204907,26549
5214903,26558
3135456,26599
5204557,26602
3127206,26613
2202778,26680
4214151,26722
3123502,26723
5107198,26779
4314753,26793
3114808,26796
2511707,26876
1711506,26877
2203008,26880
3103603,26910
2914208,26938
4301925,27048
2201705,27054
3150406,27072
4202156,27073
3145802,27078
2209401,27079
2313708,27089
2203453,27127
2111250,27146
2509396,27159
2514404,27174
4301073,27190
4315172,27191
4120200,27219
4215695,27220
4208955,27232
2502607,27236
3160454,27261
3105509,27267
3160009,27275
1717008,27275
2504033,27278
4312625,27279
4213906,27283
4319737,27286
2404903,27309
3146206,27353
3125309,27357
5106455,27363
4215059,27392
3116308,27421
3125200,27423
3137304,27436
4321832,27445
2919900,27481
3157500,27492
2413003,27493
5210307,27505
3171907,27528
3145851,27555
4202081,27557
4125902,27602
1705102,27637
4312179,27643
2803104,27666
3122504,27701
2907400,27760
2403202,27773
3159704,27790
5104500,27795
3130804,27822
2807006,27826
3532868,27840
4315057,27848
2701803,27883
2503555,27896
3533304,27900
2101970,27913
2504702,27947
2210938,27949
2102408,27958
2906402,27967
3156452,27969
5221304,27970
5204607,27973
4305157,28000
2300804,28052
3169059,28060
2708204,28068
1505601,28106
2803807,28116
3120300,28155
2104081,28155
5212907,28163
2922854,28168
2206696,28191
2406007,28207
2901502,28218
3549607,28250
2512721,28273
3157302,28317
2304608,28343
3122470,28359
3530003,28361
4314555,28364
2111573,28392
2111722,28400
3527256,28407
3110806,28411
3127339,28450
2602506,28450
5106273,28464
3162575,28472
2900603,28474
5209606,28531
3150109,28534
2107258,28562
4205431,28588
4322343,28612
4306924,28613
3146255,28615
4128302,28625
3119708,28638
2205953,28647
4308052,28684
1703909,28715
2703908,28731
5200209,28739
2918605,28765
3509957,28773
2503902,28782
3136405,28783
4315131,28793
2206720,28844
1703305,28849
3513850,28893
2513158,28894
2110237,28923
3163409,28931
2307205,28974
2922201,28993
3169109,29008
1712009,29084
2909000,29108
2505600,29135
3126604,29193
2105450,29201
3157401,29204
2406205,29222
2806503,29223
3138682,29249
2502904,29259
2111789,29262
4310579,29265
2103109,29268
4206751,29274
4322376,29289
3100807,29292
3167707,29299
2907558,29343
3117836,29366
2206803,29375
3547403,29392
2405108,29393
3132008,29415
3160959,29448
2508505,29449
3120151,29482
1705557,29498
1503002,29520
4300554,29527
4117297,29528
3138658,29545
2200707,29595
2703403,29606
2801603,29647
3503356,29668
4215687,29677
1710904,29689
4311239,29700
3555307,29706
5221577,29741
2505204,29760
2207405,29762
3549250,29780
3164100,29796
1712157,29817
2308807,29869
4318432,29941
3129905,29973
3159001,29998
4306072,30002
2507606,30034
2201408,30037
4204178,30086
2405207,30090
3501400,30121
3106101,30131
4109104,30158
2412104,30176
3122207,30201
2104503,30208
2510402,30240
3525805,30278
2910776,30300
4110300,30313
3116001,30375
2400901,30375
3544509,30424
2103901,30436
3156106,30439
2100402,30449
4318614,30467
2301505,30506
2208650,30538
3169505,30538
5107404,30568
3142304,30637
3167806,30646
5108352,30648
3166006,30662
3164472,30671
2105989,30679
5106851,30714
4322558,30731
2502003,30744
4111308,30755
2920304,30768
4322350,30784
3161403,30786
2412708,30789
2919108,30792
2106672,30795
3555703,30802
4306759,30805
3167509,30813
3101409,30816
3143450,30837
2923308,30839
2107209,30847
4318457,30873
2903953,30879
4315453,30884
3149606,30897
3533809,30900
2607406,30961
5213053,30961
3110202,30965
5218391,30993
3135357,31017
2202059,31064
3114709,31064
5212600,31072
2306207,31074
2413607,31085
5207501,31087
1721109,31115
4312377,31182
4308250,31200
3126802,31229
2931103,31241
3501509,31245
4309258,31262
4215604,31270
3156502,31290
2401859,31304
3127404,31309
3140555,31338
3546108,31361
3123106,31432
2412401,31488
2925931,31528
4219150,31532
2615102,31544
2515005,31560
1720259,31645
4310413,31648
2110278,31676
5204656,31704
3109600,31706
4305116,31708
2210656,31721
2208700,31793
2101103,31825
1718758,31833
3120607,31861
2110906,31888
3130655,31895
4215554,31905
3119005,31907
2921609,31929
4310751,31949
3134301,31956
4302378,32037
2802205,32037
3542305,32048
2510006,32069
4200754,32077
5205703,32079
4214102,32089
2205607,32096
2201606,32100
3150570,32124
4319752,32137
1701101,32140
5211602,32148
4114351,32165
5201603,32185
2406304,32205
2927804,32212
5203104,32213
2910305,32228
3103207,32232
2313252,32250
2701357,32257
2503803,32262
2413508,32263
2109304,32278
2928307,32280
2410900,32285
3153707,32294
3543501,32333
3115003,32333
4210050,32335
3108503,32339
2922730,32347
3168309,32463
3201803,32477
2111904,32482
3536901,32494
4321493,32495
3105707,32527
2204204,32539
5100102,32558
1302108,32589
4118303,32611
4115739,32625
1600253,32632
2911303,32656
4210852,32661
3128501,32662
3144359,32676
4205555,32682
2505238,32690
3534500,32717
1718840,32763
2104073,32776
2307908,32795
4218954,32839
3129400,32863
3114600,32866
2202083,32872
2109403,32877
3130556,32934
3150901,32940
3554201,32943
1715705,32943
2100154,32945
3124401,32955
4319356,33053
3135902,33063
3125606,33087
2900900,33088
2107001,33158
1710706,33168
5221908,33174
2504157,33188
2918902,33220
5214101,33231
2504355,33246
4122107,33270
3514957,33342
5200829,33359
2906105,33422
3163508,33450
5204953,33464
3145877,33491
2927101,33518
4318051,33588
3513306,33624
2105807,33639
2804706,33648
1708304,33663
2513208,33674
3135076,33690
1506401,33698
2203404,33709
2921450,33741
5202809,33763
4312955,33781
5202601,33787
3154507,33829
2606309,33837
2924900,33865
2202406,33880
4103156,33893
4312351,33903
1707553,33906
2507804,33930
2921054,33934
3108255,33978
2206100,33994
4117214,34019
2504504,34085
3507159,34087
4116406,34115
2103158,34139
2111748,34140
5221007,34192
2509339,34193
2900504,34198
4305587,34201
1501253,34214
1712504,34235
2403400,34241
3165503,34253
3160603,34308
3170578,34327
5213772,34340
3165578,34350
2505006,34379
3143807,34382
2202505,34401
4320578,34428
1504109,34470
2204808,34505
4322855,34526
5208301,34551
2900108,34564
4310652,34598
3115458,34616
3135308,34617
4323606,34646
3166303,34653
2503605,34655
4210209,34688
4103404,34697
3155900,34731
3126505,34737
4309571,34769
2501575,34782
4124301,34816
1701309,34843
5107750,34874
1506104,34878
1507961,34897
2203230,34897
3160801,34907
4317954,34997
4306130,35044
2301257,35047
2514206,35063
2500775,35072
1101476,35105
2108405,35129
4316733,35137
1716653,35157
2506251,35178
1501758,35203
4315149,35205
2104651,35208
5219456,35288
4219853,35327
1718303,35356
3138906,35378
2914109,35397
2105948,35398
3555208,35404
2803708,35419
2204659,35420
2928950,35442
4215901,35464
2513604,35464
5215256,35468
2906899,35476
3159308,35481
2928505,35571
2606705,35655
4300661,35657
3141900,35677
2505402,35681
2106359,35697
4307450,35742
4312443,35750
4314456,35759
2104909,35762
5106190,35765
4304697,35820
1200435,35855
2512804,35865
4204152,35887
2310951,35917
2304269,35968
3107703,35971
4317558,35972
2100873,35983
3122900,35993
2508208,36015
1505494,36046
5208103,36067
2701506,36075
4300570,36097
2509057,36151
4113429,36161
3142254,36186
2201101,36300
2901957,36327
2610103,36328
3111705,36360
2105922,36407
4200051,36435
5215900,36486
2705804,36511
2300101,36542
2933109,36549
1720499,36556
4101853,36564
2405009,36581
1720978,36606
4323705,36629
2305654,36632
4120309,36646
2923035,36662
3515301,36679
3500808,36694
2901809,36709
2410207,36710
2406601,36719
2923506,36747
2911501,36750
4128625,36765
2208502,36783
2905156,36802
4123956,36803
2903102,36819
3105301,36834
3141504,36865
4205159,36868
4306700,36876
5209804,36887
1300060,36940
3515129,36963
2515807,36970
2507408,36982
5205208,36990
3121308,36998
2300507,37014
4310702,37035
5103957,37055
2413409,37068
1701903,37093
3129608,37098
3143609,37122
1600550,37125
4101051,37129
5200902,37134
2700904,37166
1716307,37199
1702158,37212
3552007,37239
3146404,37241
4110656,37316
3157252,37368
2502706,37373
4100459,37391
2616100,37419
2612109,37426
4123105,37444
2409704,37458
3527801,37475
4115507,37557
1600055,37563
2706422,37586
2911659,37654
2311009,37660
2407302,37734
4318499,37786
2612802,37797
1703206,37847
2305100,37854
2109551,37881
4103479,37928
2411056,37935
3164431,37939
3141207,37954
5212709,37957
2304905,37999
2902302,38000
4122651,38071
3162450,38073
3541109,38091
1703107,38099
2706109,38128
4122172,38139
2904506,38167
3120870,38169
3516507,38180
5203609,38186
3516804,38208
5106208,38250
2702504,38291
5210562,38353
4115457,38354
3146701,38381
3102050,38390
3512605,38423
2924702,38436
3115706,38445
1706001,38466
2310001,38507
3121407,38513
3507456,38515
3110103,38519
4308433,38520
4321634,38522
4319711,38530
3158805,38551
2920452,38563
2927903,38564
2704609,38619
2916708,38625
2100832,38629
4302584,38632
2102150,38643
5219357,38686
2615201,38700
2918555,38737
5206503,38784
4125456,38787
2615904,38870
4310876,38898
4126652,38920
4101655,38931
4321329,38974
3101805,39024
2515401,39042
3117009,39108
5215207,39118
2107456,39151
2922656,39160
4313086,39163
4201653,39178
2802700,39220
2106003,39255
4110052,39311
4314175,39314
3123809,39323
3148756,39328
3540259,39344
4323507,39384
4111704,39389
2515971,39397
4106555,39415
5219605,39420
3171071,39435
3134103,39452
5203575,39475
2903300,39487
3527702,39491
1600212,39502
2405306,39557
3135001,39642
2924678,39733
4309159,39745
4315552,39770
3520608,39775
3538303,39778
2403509,39792
3144656,39812
2412807,39869
4311122,39914
1100908,39936
1706506,39958
4205191,39959
3138708,40033
3127305,40059
3526308,40067
4311981,40071
4113254,40099
2500106,40110
2509008,40114
1718402,40119
3531704,40125
2108058,40156
3148202,40174
5106653,40229
3165552,40246
2203107,40256
3555505,40283
4117206,40305
3130051,40316
4322525,40318
2404853,40412
2511608,40436
4112900,40461
2403806,40485
2203305,40502
2919058,40503
4311270,40527
2407401,40541
4101150,40541
5100359,40553
2923050,40597
2701902,40622
2806404,40625
3107208,40641
2105963,40643
3103702,40660
2933406,40668
2604304,40677
3502408,40677
2508000,40726
3136603,40734
2208106,40749
2105203,40758
3116803,40787
4307864,40801
3515905,40867
3144409,40890
3514924,40937
3162609,40940
2205003,40950
3149150,40951
3533254,41072
3111903,41113
3159506,41114
4202875,41162
4201109,41181
2516409,41183
2101772,41185
2708956,41213
1200328,41233
2514909,41262
3547106,41267
3160900,41269
3120706,41280
4323754,41305
4217253,41325
2106805,41327
3120409,41386
3543600,41410
2112852,41432
2207603,41432
4322152,41433
3145356,41443
3163805,41455
5103809,41462
2517001,41516
2501401,41547
3121803,41651
4106100,41669
5101001,41693
2924652,41777
2401701,41785
3135605,41793
2401305,41811
5206305,41853
4111605,41864
1717909,41894
1100262,41934
2701209,41937
2509909,41947
2516805,42001
1200054,42017
5103437,42021
2915403,42023
3536802,42053
2509800,42074
3122454,42083
1502608,42094
4128807,42122
4102752,42132
2706000,42145
2205409,42169
3148509,42179
2515906,42196
2106631,42199
4306551,42202
4116604,42206
3108107,42287
4116307,42305
3109808,42321
3119500,42341
3104809,42408
1718907,42419
4313490,42423
2612471,42446
4115903,42447
2922052,42497
2511103,42528
1505551,42532
2907707,42551
2402105,42555
1303957,42612
2925709,42656
2106375,42660
3548401,42669
2410306,42736
3528908,42736
2904803,42766
2305332,42790
2915908,42811
3136504,42849
4121307,42858
4322327,42962
1301951,42984
1506112,43000
3165701,43002
4203253,43105
4320321,43133
4323358,43271
3157336,43274
4113809,43303
3540101,43335
2912004,43336
3101631,43379
2101301,43404
2931400,43430
2410405,43458
4103958,43473
2919603,43522
3525854,43549
2203206,43615
4113759,43656
2910008,43669
2707206,43694
4318440,43725
4119657,43739
2904209,43743
5102694,43745
4312674,43769
1720804,43776
4302253,43793
1101468,43812
4102703,43829
4114708,43836
3532108,43859
2914307,43903
2311207,43903
2305266,43905
2905107,43918
2110856,43952
2412906,43973
3119807,43984
3527900,44019
2303931,44038
2802601,44062
4211892,44087
2109205,44091
3150158,44215
2506707,44246
4306320,44273
3518909,44346
3151909,44353
2926905,44363
3128204,44385
2929370,44401
4103024,44408
4321626,44431
4110904,44444
2912509,44456
2606903,44467
5220686,44482
4315958,44484
3523701,44491
1713809,44503
2902203,44525
2902658,44561
2805208,44581
4305132,44612
4119707,44685
2918753,44707
3155306,44726
4313391,44736
3530904,44751
3131406,44768
2929800,44777
3102852,44823
2921807,44834
2511806,44861
5004809,44884
2702009,44893
4314498,44922
3116506,44926
2303659,44941
2414100,44942
1707405,44965
5206602,44967
2102358,44969
2922755,44998
4211850,45047
2111003,45051
2933174,45057
3142403,45122
4124004,45130
3138005,45132
5201454,45136
4215356,45179
5108808,45253
4310553,45253
2703502,45266
4312054,45269
1703057,45296
4113106,45320
2407005,45342
4120150,45444
2505709,45465
2111078,45479
2511509,45587
4211652,45609
2903235,45613
3525409,45614
2407708,45628
4200556,45649
4309753,45653
3153004,45657
2104305,45674
1718451,45686
1720200,45731
2412559,45880
1503408,45885
2200301,45903
5215652,45915
3157104,45935
2703601,45970
2930006,46010
2403004,46088
4323101,46111
2207504,46125
3535903,46127
4305871,46137
2904001,46155
4320859,46204
3166204,46222
2601805,46226
4202438,46247
2413201,46310
3156601,46334
2308377,46416
3112109,46432
4212601,46449
3532306,46471
4306973,46475
5210604,46484
3138500,46487
2916609,46491
2708709,46505
2920809,46525
2513109,46565
1707207,46594
4312427,46598
4314134,46620
4300455,46637
4202537,46692
2707909,46699
2904407,46726
5107206,46747
4323457,46747
5108204,46756
1700350,46763
2402402,46771
2916203,46787
2805109,46812
2102077,46839
5107776,46853
1720655,46899
5220157,46929
2111532,46990
3138674,47008
4320354,47026
3122405,47038
5213509,47084
4305371,47095
4106852,47114
3101201,47132
2603926,47154
3145455,47183
3522000,47220
2313906,47275
3148301,47333
2601003,47341
3169802,47352
3170008,47358
4215075,47390
3149952,47411
5216007,47430
2515104,47435
2933059,47449
3154150,47484
2105476,47530
4302600,47539
2930907,47635
4100905,47639
3112901,47658
2310407,47722
3129301,47737
3539707,47769
2308203,47778
2400307,47835
4301552,47837
2110401,47841
2608255,47854
2313559,47858
4109203,47887
2303907,47895
4304713,47901
2905503,47913
4217105,47951
4315313,47980
2510105,48015
2707404,48016
2930600,48022
5203559,48138
2911006,48192
3154457,48241
4109005,48320
2610301,48322
1304005,48369
2614303,48480
4313334,48522
1703701,48612
1302207,48746
3171030,48770
3200508,48786
2919405,48839
4121257,48849
3103801,48849
3151008,48859
2608602,48887
2915700,48887
2601508,48904
3145059,48912
3520707,48933
3100500,48966
2707602,48974
2923902,48980
3122702,48993
3160306,49007
3123528,49010
2502409,49028
2300903,49056
3528304,49120
2105906,49217
4308854,49232
2915353,49243
4108452,49247
3529658,49304
1703800,49310
4201604,49320
1300904,49393
1712702,49393
2917409,49403
1710508,49459
4117404,49473
5108857,49541
2102754,49600
2906600,49627
5205059,49647
3132305,49688
2210508,49763
4112306,49774
4206801,49785
4319372,49809
2414803,49825
4314035,49842
2612554,49850
4320230,49861
5213905,49868
3139102,49889
4115002,49949
1101450,49986
1101559,50001
2611200,50005
4120333,50018
3150604,50031
4310538,50051
3158904,50122
4107546,50146
2409100,50210
2612901,50215
2310605,50235
3164209,50258
3126901,50275
2305704,50313
2917334,50314
4205100,50370
4207601,50378
5108105,50404
4314068,50409
2902005,50422
3200359,50507
3161205,50536
4300638,50626
4312104,50651
4117271,50695
5107578,50716
3530409,50767
2930758,50772
3121100,50817
5103361,51062
2210706,51074
2925402,51081
3124708,51086
4320602,51092
2111029,51100
5221809,51104
4126207,51119
2409308,51172
4310462,51187
4125357,51216
2102507,51233
4107157,51252
3510104,51284
1707108,51343
2602407,51371
2603306,51404
4304101,51422
2309003,51446
2406700,51452
5212956,51470
2926657,51475
4303400,51634
1301654,51645
2918506,51649
2300408,51655
2500908,51671
2205102,51692
2105351,51697
2911857,51702
3126000,51734
3521150,51779
2909703,51840
1300086,51913
2106300,51930
5204854,51932
3533700,51944
2800704,51976
2313351,51983
4309951,51996
4300646,52009
2903003,52024
4209805,52035
2616183,52061
2111052,52090
2924504,52108
3129202,52136
4123204,52221
3116407,52246
1702901,52291
3505401,52299
2103554,52305
3537156,52317
4303558,52326
4204194,52331
3134509,52377
4312138,52401
4307203,52430
2507903,52433
2913804,52461
2924058,52462
2412302,52468
2933158,52481
2506103,52555
2104602,52650
3141306,52659
3545100,52694
2507200,52713
2901304,52726
3507704,52739
2107100,52780
3113503,52832
4305124,52861
2312502,52901
5101605,52974
3106507,52979
2104404,52987
5003900,52998
4127882,53011
4304952,53011
4317756,53061
3163904,53080
2414506,53106
3116100,53142
4306379,53181
2932457,53184
3546504,53194
5219738,53199
2922250,53202
4311254,53268
2932408,53354
2311900,53389
2204709,53392
4128658,53426
3508900,53478
3154705,53483
3122355,53488
4315206,53495
4302659,53512
3528205,53531
1500131,53598
2612455,53711
1715259,53714
3131802,53737
2926806,53740
3548203,53740
3118908,53759
3202009,53766
4311791,53774
2805307,53807
3131109,53905
4207759,53905
3163102,53918
4315008,53950
3148905,53968
3523800,53999
3149200,54034
3119203,54097
1702307,54102
4321469,54104
1507755,54126
5106000,54170
4212056,54260
3553104,54267
2304657,54293
2614709,54311
1713601,54331
1706100,54392
1507508,54398
5219209,54425
2919306,54475
2921302,54530
2607703,54543
3165206,54557
3517307,54641
4305850,54683
2930402,54697
4321352,54752
1718865,54763
5007307,54781
3143708,54879
3130606,54941
4121356,54951
3502606,54977
1400704,55009
2103752,55055
2601300,55068
1300680,55075
4102208,55078
2408953,55098
4312302,55125
2930808,55128
2915304,55132
5100508,55183
3159357,55386
3125952,55424
2605806,55434
2407500,55459
2105609,55489
2205581,55497
3134707,55575
4123824,55580
4126900,55638
1707306,55728
1200344,55802
2210805,55840
3515350,55943
3532157,55946
1501006,55948
2612703,55950
4126702,55959
3154101,55992
2500502,56027
4202503,56027
4305447,56075
4313425,56116
2107605,56149
2607950,56164
2925600,56193
4311601,56213
3152303,56233
2101905,56247
5108303,56270
2913002,56274
3501806,56280
4120408,56294
1505007,56295
3164407,56425
2926103,56431
2108801,56477
4306429,56592
3152170,56680
4319703,56725
4310850,56777
1501600,56788
4306452,56791
2312601,56841
3523008,56900
3171600,56939
4203154,56991
2402709,57017
3556354,57083
3107604,57108
4116950,57212
4313003,57241
2102556,57290
2605459,57330
5208509,57390
3509106,57393
4307104,57417
2410108,57421
3155405,57445
4201802,57455
2931806,57457
2913408,57469
5003504,57505
3134806,57548
4311775,57592
3534104,57598
2903706,57669
2302057,57700
1507805,57736
2930766,57749
3557154,57801
1507102,57871
2702553,57878
5201801,57897
2206605,57913
2707800,57954
2311959,57986
3142007,58022
2920403,58033
2509206,58062
3544806,58097
3158508,58128
2303600,58323
4301750,58348
1300029,58364
3533205,58374
3116704,58386
2604403,58386
1717503,58394
3131000,58407
4300307,58429
4315321,58504
2916906,58510
2901601,58542
4109500,58542
3514007,58569
1304237,58573
4312203,58587
2210409,58596
1703008,58612
5219902,58661
2401800,58688
4311908,58725
1101484,58726
4322541,58800
4322905,58801
3204252,58983
4122800,58997
2927606,59015
5200050,59042
3501103,59056
2926509,59078
4303202,59115
2926707,59187
2203503,59202
5214861,59204
4216354,59225
3542503,59232
1708254,59252
4305959,59292
3167400,59365
2933257,59405
2503308,59455
3510906,59546
3129004,59562
4316477,59578
3544400,59583
4321477,59615
3112406,59623
2310902,59640
3531605,59664
1707702,59686
5221502,59692
1400605,59706
2921401,59860
3170057,59873
3141603,59877
2100204,59899
2406502,59903
2903508,59935
1715754,60013
4103057,60033
4312450,60068
2104206,60073
2400109,60084
2512408,60109
2310100,60121
2928059,60133
2924306,60152
4319208,60154
4107702,60155
4212254,60171
4308656,60232
4108700,60289
1200393,60317
3543204,60335
3553906,60383
3156007,60398
2901155,60404
2510907,60420
4218756,60452
3552908,60463
4318622,60490
3507209,60524
3105004,60640
5203807,60668
2502805,60707
2915007,60718
4300471,60757
2929404,60812
3170529,60820
2900207,60848
3516101,60936
2909406,61028
4310306,61038
3500204,61059
2106409,61116
2703304,61239
4318424,61366
2111805,61373
2901908,61457
5101852,61477
2400505,61503
2701605,61548
5207600,61577
2602704,61594
3500758,61602
2308351,61613
3106408,61628
2102606,61636
4113403,61657
4107850,61701
1701002,61771
2905305,61814
2900405,61825
3152709,61829
2608701,61841
2918209,61849
3517109,61909
2904852,61946
2310803,61961
2922706,61980
3553856,61988
2802403,62028
4103206,62134
2904753,62151
4303673,62158
2108256,62169
2907905,62260
4106571,62298
3112505,62321
3169208,62332
2103174,62407
4211256,62462
3102704,62464
2608057,62557
2903607,62571
2308609,62576
3540408,62577
2509404,62628
2311108,62748
2102705,62812
4128633,62929
1700400,62942
2104008,62977
2516607,62985
3531001,63055
2608404,63127
4103503,63172
3125903,63308
4214300,63321
4107553,63426
2804300,63427
3134004,63441
2604155,63527
3537701,63576
4313011,63603
2912400,63617
3109204,63642
2920007,63658
3100104,63672
3131158,63699
5200605,63704
2931707,63760
2404606,63786
3516853,63811
3133204,63814
5104559,63834
2303402,63876
2704807,63900
2107902,63912
1703867,63926
3505104,63998
4213302,64019
4202578,64023
5003108,64172
3553203,64345
4124905,64372
1300102,64424
2313757,64478
2105104,64493
4207858,64528
2608305,64570
3543105,64578
3203601,64586
4307815,64586
4309555,64604
4316436,64710
2304509,64827
4321857,64835
2702801,64961
2206407,64964
5207535,64982
1302801,65053
2806800,65072
3123700,65096
2910859,65125
2701100,65197
2306504,65208
1700301,65256
4313359,65324
1303601,65376
3153905,65423
4313607,65457
3136009,65480
2907608,65542
2300150,65662
3141009,65688
3128907,65724
3532702,65807
4120101,65811
3202553,65856
1716703,65866
2612307,65962
2616506,65971
3171709,65983
3554904,65990
3521606,66006
1400506,66010
2906824,66083
4118451,66143
2901403,66153
2208809,66193
2615706,66198
2902401,66279
4125407,66288
4205209,66302
1714203,66308
4219408,66342
2902500,66400
3171808,66415
2918308,66548
2922607,66599
2915106,66624
4121752,66640
4107736,66651
3164001,66688
2404101,66858
1300839,66860
2908705,66870
4300851,66993
2933455,67017
4323770,67025
3165305,67188
3128402,67244
2303303,67279
2925253,67295
1504976,67353
2609154,67476
3140852,67477
4213153,67546
4215752,67575
4210555,67583
4206603,67644
3532801,67731
2601052,67748
2700607,67808
3132602,67828
2702702,67862
2111706,67873
2516508,67971
5205802,68041
3129103,68044
2804458,68091
4100202,68096
2200509,68129
2409803,68130
2304236,68153
5210802,68154
4202073,68223
4108650,68346
5214051,68409
4103222,68410
4303707,68467
4315404,68467
2309201,68469
2303105,68505
2103257,68517
2609303,68525
2400802,68549
4310900,68574
5219407,68616
4315156,68682
3168507,68688
2507309,68711
2902252,68735
2301406,68739
2700706,68776
4307054,68797
3136108,68817
2105005,68846
1300201,68895
2931608,68962
5220264,68979
2929255,69099
2109270,69128
3124906,69131
3165404,69173
3113602,69178
1504505,69232
4303301,69304
2501609,69320
3500600,69351
3153608,69359
2608008,69386
2106508,69501
1600238,69507
2924603,69538
4119202,69577
1100031,69611
4209151,69613
5207352,69633
2515500,69640
2112100,69646
1301803,69653
4217758,69654
1303007,69664
1707652,69694
2302909,69708
2107357,69728
3158201,69730
2920205,69735
4218855,69791
3503109,69890
4109757,69924
2907004,70003
3171105,70057
2102309,70058
3527009,70100
4312757,70144
2506400,70171
3135704,70356
2306009,70358
5211404,70440
3104700,70486
3305133,70521
3152600,70542
5107156,70593
4107306,70643
3154200,70659
1101435,70738
4103370,70739
2906857,70747
2108009,70835
3532058,70839
3108800,70862
3528601,70868
4219358,70884
2804102,70936
2107704,70947
5215405,70971
3503604,70979
2503506,71014
5006259,71064
2210631,71132
2929750,71137
3107901,71167
4201273,71203
3128808,71269
3137007,71314
4216057,71357
2205201,71408
2312106,71493
2311264,71527
1506351,71545
3542008,71568
2209203,71647
5222203,71675
1301506,71690
3135506,71700
2303006,71756
2208205,71832
4212403,71907
1507979,71984
4111001,72056
5200852,72070
4214904,72256
4319125,72327
2606507,72340
4315750,72343
4306304,72399
2909109,72402
2414001,72404
5202155,72435
2920908,72499
2706448,72526
4309654,72552
3541653,72575
2107407,72604
5200803,72650
4302238,72653
2924207,72659
2908309,72723
2110302,72776
2100808,72977
5107248,73059
2204402,73092
3165008,73095
4315354,73117
2403707,73139
3503000,73151
3151305,73163
4123857,73179
2309102,73184
3164506,73258
2516706,73316
1400233,73318
4315909,73327
2911402,73385
4301958,73415
3168408,73423
5202353,73453
5106265,73474
1304401,73588
2913101,73637
4320263,73685
4107900,73708
2504801,73727
3166709,73728
2600609,73735
2614006,73744
2700102,73773
2112456,73777
2901700,73784
3553500,73820
1303205,73846
4317004,73889
3107802,73893
4323200,73927
3521507,73949
2311355,73997
1300631,74007
4312385,74076
1506559,74135
5219704,74139
2902609,74142
3100609,74170
3140159,74243
2605509,74247
4213351,74258
5002803,74327
5106778,74345
4311700,74352
1400407,74442
2931053,74446
4218103,74484
4300877,74628
2304459,74667
2413359,74672
4212239,74686
4311130,74745
1507474,74769
2700508,74792
2307635,74829
3170438,74834
3500907,74901
3116159,74931
4302154,74989
4120705,74990
2104099,75038
5107354,75128
5007976,75180
2904100,75193
3140530,75197
2304301,75300
4319307,75343
5219100,75383
2804201,75410
3139706,75415
4108320,75417
2508604,75428
5103106,75429
3149705,75570
2306801,75623
2308906,75628
4321956,75699
4201000,75744
2932804,75855
2604700,75904
2603900,75909
2306603,75950
3512704,76039
2102903,76065
2112605,76115
2800407,76204
3152402,76264
2108454,76275
3515194,76278
3534807,76288
1400282,76327
4104055,76330
4116802,76350
5208152,76439
2703007,76484
2923357,76547
3103009,76642
1501956,76673
1303502,76686
5102793,76696
1100601,76700
3541059,76784
3116902,76787
3149101,76793
3526605,76796
2200202,76824
1400027,76901
4120853,76913
3535101,76973
1506302,77018
2313005,77107
4107751,77146
1709005,77204
4318481,77234
2401404,77340
4310504,77344
5209150,77356
4205605,77393
4217550,77421
2920106,77513
4305439,77517
3519253,77593
1600105,77627
4117453,77631
2100303,77637
3302304,77639
4209201,77672
3201100,77688
2108702,77715
4213005,77811
3107505,77839
5006358,77859
2708907,77910
3520806,77988
2931509,78005
3546900,78072
1303304,78083
4119004,78092
3548104,78196
3514700,78394
5215009,78462
3111309,78465
4305504,78475
3109105,78511
1502004,78541
1304260,78559
4103354,78663
4208609,78689
2404705,78800
1501105,78845
3509809,78906
3162203,78931
3150802,79011
3544608,79084
2501302,79115
4108908,79132
4313805,79191
2917201,79279
3102100,79308
3170909,79341
3100708,79349
2616001,79376
3138104,79405
3203163,79428
4309704,79616
2614808,79675
4316303,79677
2301950,79705
4215653,79754
4302451,79804
2615508,79873
2927309,79966
3137106,80104
4200903,80114
2919702,80139
3204807,80193
2200806,80206
1722081,80223
2904308,80285
3126208,80369
4314027,80377
4211405,80481
5207907,80492
2605400,80526
2304004,80537
2413904,80556
2300705,80559
2305209,80599
3516606,80638
2101509,80646
2616209,80660
2405603,80682
3118700,80683
2501906,80794
4100103,80853
3142700,80863
2912301,80962
3509452,81101
2105153,81142
4207577,81163
2609105,81178
4320552,81311
4113452,81329
4112207,81444
2108108,81445
2923407,81447
2607000,81520
4215208,81548
2608453,81572
2208908,81673
2504900,81695
2929057,81918
2309458,81931
2202604,81950
1302009,82028
2309805,82053
2111409,82148
5102850,82161
4107538,82184
2803906,82186
3306156,82212
4118857,82327
2917805,82385
2903805,82389
2924801,82413
2100709,82435
3165107,82453
2306702,82525
2807501,82571
1502509,82704
2600203,82805
2609204,82831
5106109,82873
2500809,82992
5209903,82993
4123709,82996
2605608,83016
4201901,83024
4111100,83081
3551405,83111
5207808,83159
3153509,83174
4110003,83175
4216404,83266
2507705,83282
2929701,83290
2516904,83298
4201950,83341
2301851,83347
5209937,83435
1600204,83485
4300505,83488
2918456,83498
1303700,83501
4209854,83560
3156403,83561
2106326,83634
2106706,83775
2112233,83852
5106802,83928
4106456,83953
3154408,83971
2516300,83975
4121109,83987
3150505,83991
5008404,84070
4304622,84105
3164308,84130
2709202,84299
2923209,84339
4200309,84351
1304104,84359
2901205,84387
2900306,84407
4106001,84455
2306108,84525
4308409,84746
3540507,84748
4207403,84820
4124707,84938
4117008,85004
3161304,85054
3162807,85078
3136900,85096
2912806,85169
5208400,85191
2402501,85201
5203401,85211
4115853,85343
2806602,85351
2931004,85352
3539905,85372
5221197,85457
2930303,85458
3131505,85473
3168903,85606
5201504,85607
2700201,85607
4125753,85834
5007505,85856
2301307,85918
4316204,85922
3166907,85933
5104542,85975
2603504,86056
2604908,86152
3511201,86156
4312252,86218
2501005,86240
1200138,86264
5103908,86282
3162559,86306
3170750,86348
2301604,86370
2707107,86372
4117057,86392
4211801,86414
3550001,86448
2511905,86451
3556602,86461
3515608,86619
3139904,86632
4103305,86639
4305603,86792
4126108,86800
2705200,86801
1501576,86835
1507904,86847
2106102,86917
2704401,86987
4100301,87126
3130200,87147
5101308,87148
2109452,87152
2104107,87270
3525607,87283
4213807,87287
4314159,87373
3520426,87401
4305405,87422
2202703,87456
2414605,87543
3203106,87545
3121209,87556
4323309,87574
3508207,87685
4306734,87693
3159209,87780
4115101,87827
4313037,87916
2923605,87926
2705002,88104
2111763,88131
4218400,88247
2311702,88317
2202000,88329
2600807,88401
2511301,88579
2106607,88715
3200169,88745
4321436,88774
5005103,88803
4305173,88898
2504405,88957
2909604,88965
4300703,89139
1505635,89211
1101807,89262
2512705,89272
3305901,89334
2506806,89372
5103858,89439
3158300,89511
2201507,89627
3547007,89677
2507101,89742
1302306,89745
3108206,89842
5202502,90039
1505403,90156
2516102,90156
2405702,90176
3203304,90246
2210003,90372
4109658,90419
3114006,90425
4316758,90469
4120655,90571
3142106,90586
4126009,90618
1101104,90690
4112405,90755
4113007,90765
3137403,90792
3538501,90841
5219712,90850
2108900,90905
4312476,90962
3168804,91017
2927507,91034
3161502,91073
2102200,91131
4316972,91180
3519204,91188
5004007,91301
2511400,91320
4120358,91331
4218251,91348
2304350,91465
3120201,91474
1101757,91480
5214408,91495
4306056,91589
4314076,91883
4307831,91912
4219606,91944
3550506,91979
4127908,92015
4216800,92018
2110104,92048
3537206,92048
5222302,92062
2706505,92127
3115805,92196
3512506,92245
2900355,92380
3509304,92383
2707503,92404
3120508,92542
2304251,92645
3200136,92726
1508357,92756
2917102,92759
2932101,92787
3502309,92814
1502806,92822
4210902,92868
3501202,92977
4307401,93010
3127602,93093
3143500,93114
2613404,93312
3137536,93467
2603207,93503
3551108,93508
1300409,93662
2513406,93713
4315107,93760
3300159,93788
4302220,93826
3139201,93829
1502855,93834
2704104,93839
2709103,93918
3202652,93918
5211008,93936
3506409,93940
2500700,93959
3302452,94083
4304002,94139
4102505,94223
2110658,94272
3554409,94326
4110201,94409
3147709,94413
3546207,94591
2303956,94613
2106904,94647
5100805,94704
2922904,94758
3528858,94787
5218706,94829
2605152,94862
2703809,94886
2706406,94900
4319109,94956
2302008,94975
3146305,94995
4214409,95049
2310852,95128
2701308,95207
2908200,95217
2612000,95252
2702603,95294
4312153,95302
4211454,95314
2906709,95368
1500701,95375
1200336,95418
1100502,95420
2929008,95459
2611705,95539
2109700,95540
1301605,95661
1508035,95702
4105102,95751
2406106,95805
4109906,95828
4214508,95858
3156809,95947
3549508,95963
4308805,95969
2705705,95978
1200351,96004
3526506,96044
2108306,96071
2307254,96136
5004908,96140
4103800,96147
4305975,96159
4103008,96183
1507409,96493
5212105,96494
3132909,96598
5107180,96612
4110805,96855
3202256,96865
4202057,96881
3500402,96964
2309409,97049
2613206,97078
2100436,97104
2301703,97152
2705606,97161
2512309,97350
2909208,97359
3102803,97386
1702000,97397
4201505,97447
4215307,97466
3131604,97495
4215406,97550
5216809,97554
2100477,97761
2704203,97823
2907103,97878
5216304,97918
2509107,97951
2932002,97951
2906204,98036
3123908,98117
4212270,98126
4308003,98131
2202307,98146
4314704,98171
3502002,98188
2615805,98191
3100906,98201
1507706,98323
3520202,98324
4103040,98337
4308706,98412
3134608,98446
1504950,98465
2603702,98519
2313203,98551
5003488,98563
2613800,98701
4203105,98726
3545704,98741
2301208,98748
2313955,98790
1100296,98818
3170503,98907
4202131,98942
2505105,98974
4106704,99053
2603801,99091
3528106,99163
5005152,99218
4204103,99239
5105176,99337
2908002,99419
2412609,99421
4309803,99491
3167608,99657
1503754,99660
1101203,99692
3204658,99697
4210035,99750
2913507,99809
2601607,99820
3114105,99879
2502508,99881
5108956,99885
3142908,99934
4206108,99936
5213004,99988
4308300,100063
4301701,100064
3529807,100129
3139805,100179
2303204,100202
3528700,100307
3508306,100391
5003157,100398
1504406,100430
2916807,100525
4300059,100547
3113008,100764
3117108,100777
2902807,100797
2407807,100879
4311759,100888
5219001,100900
3130507,101089
5211305,101121
4212700,101149
4301636,101171
3514601,101212
3158003,101230
2908606,101307
4113601,101348
3148608,101351
4121000,101387
2911600,101471
2211308,101604
5007703,101645
1600709,101675
3132107,101680
1702554,101685
3543808,101762
4127809,101782
4319802,101807
3161809,101819
2925808,101895
3144508,101930
1304302,102019
3203809,102081
2914406,102188
3108552,102189
2931301,102399
3205150,102465
4302204,102532
4202701,102589
3162401,102593
2612406,102756
4128609,102765
1400456,102813
4304689,102902
4111555,102906
2502151,102994
3539400,103066
2307403,103169
3525508,103223
3139300,103264
5212808,103271
2610400,103284
3519907,103387
3518107,103418
3172103,103455
2925006,103455
2610202,103495
1508050,103515
5104906,103525
2929107,103573
5007950,103583
2932705,103608
4307302,103634
3537503,103648
1503101,103743
4310405,103774
4126355,103872
3152907,103948
2922102,104003
2110203,104005
4115309,104118
2303808,104131
3540754,104174
2100956,104208
3535200,104224
4301057,104247
1600808,104285
4302006,104410
4300034,104475
2304954,104479
1501725,104504
1300144,104517
3102902,104533
2929602,104586
3159902,104623
4216255,104737
4107405,104815
2610806,104870
2703106,104989
3128105,105031
2302305,105037
3120805,105049
4108205,105263
2412500,105323
3506201,105467
2105500,105512
1101609,105535
4314209,105593
2702355,105616
3524204,105625
4303608,105716
1503507,105747
2932606,105839
2708402,105921
2913457,105947
4303806,105987
2706802,106139
3112802,106156
2928406,106272
3301603,106323
5221700,106392
5106299,106420
2931202,106455
2104677,106540
5219803,106581
3108909,106645
4117800,106667
4210308,106677
2803401,106691
3100302,106813
4108007,106854
4307559,106867
3540309,106935
3510153,107004
2918357,107275
2905909,107458
2919157,107564
1100080,107583
3522802,107650
2801009,107684
4104105,107818
2411502,107846
2307106,107867
3117900,107961
1502764,107976
4121901,108051
4123303,108114
4210407,108123
2607604,108150
4112504,108288
2923100,108338
3544202,108355
3548609,108411
1200179,108531
3204500,108555
3102001,108555
1400159,108567
2514503,108570
2925758,108649
2206209,108685
4202859,108789
4322103,108792
2923704,108816
4128401,108859
1303908,108879
3201159,108892
3523305,108959
4201703,108995
4207205,109020
4301800,109023
3541901,109056
4203402,109079
2103703,109155
4310439,109156
4200804,109195
3135803,109208
1713304,109322
2917904,109450
2932309,109594
4310363,109756
1501451,109871
5004106,109940
3162708,110198
4206207,110220
4104451,110319
1720903,110350
4103107,110463
2312007,110543
3123007,110621
4207684,110649
4320677,110719
2112902,110723
4314779,110778
5207253,110858
3513900,110885
3109451,111086
5212303,111098
1101005,111130
4128559,111266
2925907,111300
3119955,111350
4301107,111366
4101309,111407
1505700,111425
4200606,111461
2924405,111480
3117702,111534
1500859,111551
2912103,111564
1505650,111569
5201702,111587
2108504,111629
4301651,111632
2933000,111662
2307502,111666
2101004,111984
2205805,112020
4219200,112126
3506904,112139
2609808,112158
4313102,112181
3513603,112225
1504307,112321
2920502,112595
3504800,112632
3145307,112678
2509305,112970
2701704,113002
2107803,113052
2604809,113094
3542701,113178
2109809,113287
3122009,113315
5106182,113331
2922409,113350
2920700,113375
4308458,113382
2910404,113385
2614600,113400
4107801,113416
4110078,113419
2800506,113430
3547908,113454
4301875,113516
1507151,113689
4323408,113768
3204955,113775
3204401,114114
4125209,114203
2904050,114291
3132206,114343
5204706,114493
4301404,114538
4112702,114566
3150307,114650
4100806,114654
1200807,114661
1100072,114768
3506300,114787
1101302,114868
2512002,114910
2605905,114987
2709400,115018
2805802,115121
4204905,115125
3106002,115151
3142601,115169
4102604,115203
4207809,115299
2805901,115348
3201704,115355
5209200,115362
3504305,115397
3553005,115509
2309508,115554
3534906,115577
3552551,115735
2600302,115742
2926400,115777
4321667,115971
2604601,116037
3545159,116049
3554953,116129
3301157,116154
3103900,116157
3117801,116202
2208304,116218
1502772,116295
5206909,116320
4118006,116390
3202900,116398
3519402,116402
2111102,116421
4110409,116519
2205706,116538
3131208,116595
3519808,116630
3113909,116838
5107859,116930
3529500,117038
4308078,117144
5000807,117177
1702406,117228
1200708,117259
1101500,117280
4100707,117323
3519006,117474
2908903,117536
4123402,117648
3118205,117839
1300508,117982
2905008,118070
2603108,118080
2608206,118083
5102603,118097
5103379,118342
5106158,118400
4320305,118424
3510708,118512
5219258,118558
2310308,118591
2305308,118604
3108404,118635
2912707,118653
4214607,118700
4314308,118717
5204102,118874
5200175,118934
3141405,119038
4107009,119048
5006408,119151
2501500,119263
3554706,119327
2615003,119355
4122156,119410
3504909,119562
4124608,119667
3161700,119908
1100379,119974
4311502,120059
2801702,120217
2802809,120231
4108957,120242
5220009,120420
1100700,120440
2113009,120493
4125001,120531
3106903,120559
1301308,120603
3555802,120647
2806206,120684
3167103,120685
2308005,120691
4215679,120713
3138609,120955
2921203,120970
4121604,121022
1503077,121026
4209508,121033
3104304,121197
2915809,121311
4207650,121323
1101708,121359
2613305,121435
3123205,121479
2302701,121510
2308302,121562
3557204,121578
2912905,121630
4211108,121676
3161007,121731
2110500,121744
4116109,121907
1200013,121914
3513207,121993
3506706,122151
2604502,122338
2501104,122687
3552304,122710
5000252,122765
4127007,122824
3109709,122947
3529609,123091
2606101,123207
3514502,123496
2102036,123547
3133600,123770
4316956,123943
3517802,123956
4311718,124069
5203203,124125
1200427,124221
2610509,124260
2800209,124432
2103802,124434
2110609,124478
2600906,124547
3503406,124566
3543709,124568
5003454,124671
1302553,124713
1400175,124720
2908101,124755
2930154,124793
5105200,124899
2911808,125084
1506583,125316
3531209,125374
3104502,125591
4304309,125680
5106828,125696
2806305,125723
2928208,125844
3514304,126039
2609709,126101
4122701,126607
2916005,126609
2110039,126756
5108055,127004
2305605,127139
3545407,127306
3517208,127362
5200100,127497
3545001,127546
2916104,127574
3532207,127842
2609006,127859
4206009,128123
3112000,128160
2516003,128427
3118809,128518
1303106,128636
2605004,128803
3135407,128821
1504604,128841
3110301,128849
3534005,129015
2705101,129057
2311504,129072
2608107,129161
4304671,129263
4210803,129313
3202702,129345
4203709,129365
4118709,129498
4112751,129501
2100600,129545
4304655,129685
1301001,129697
4320503,129824
2910107,129896
3150703,129898
5213707,129955
4113734,130020
2914505,130201
2906808,130394
4212304,130616
4200705,130668
2111508,130918
2100501,131201
2408904,131254
1505908,131392
2611408,131398
5001508,131521
4212007,131638
2607307,131969
3101003,132151
5107941,132177
3507753,132220
3500550,132254
4125308,132460
2506905,132520
3142205,132578
1200385,132632
1502905,132770
4300208,132823
4209904,133035
3110707,133037
4309902,133081
4118600,133145
4305801,133239
3109501,133285
1500909,133307
3519501,133410
2806008,133435
4118808,133493
5222054,133899
5204003,133980
3154903,134045
4115754,134128
4128708,134402
2102101,134500
3538204,134519
5103700,134529
4305454,134801
3305307,134863
1400050,134967
5105580,134980
3204005,135294
4110953,135588
2918803,135631
2916856,135659
2917003,135693
4202206,135840
4126405,135965
1507003,136004
3304607,136012
2105427,136048
3539004,136153
4122909,136328
4104402,136412
3148707,136505
1502756,136685
1503200,136819
4105003,136831
4117255,136843
2807204,136887
2312700,136899
3138625,137009
2607505,137037
1300607,137141
3541208,137329
4311106,137335
3511300,137459
3141801,137669
3518859,137771
2508307,137899
2932200,137939
4322301,137987
2901353,138097
2928000,138179
2704005,138333
5108907,138358
5218052,138395
4100608,138442
3169703,138627
5005202,138877
2500304,139059
4312807,139156
2507002,139308
2805505,139431
4218350,139646
2207900,139841
4122503,139909
2500403,139937
3552700,139989
4302501,139995
5107701,140041
5002159,140095
3532504,140229
4306932,140455
2309300,140457
3130903,140499
1721208,140542
4301503,140598
1504901,140603
2907806,140803
3550803,140819
5103056,140844
3124500,140890
3535705,140999
2705507,141080
2925956,141172
2605301,141178
5218102,141218
2104552,141232
2112308,141341
1506005,141500
5107792,141734
2600401,141818
3200706,141983
3155801,142003
4117222,142114
4120507,142124
2100907,142220
2910750,142781
5106216,142907
4306502,142956
2613503,143040
3155603,143132
3516002,143193
2414209,143264
1101401,143416
4314001,143527
4105201,143703
1301100,143726
2926301,143815
4116208,143849
3536406,143885
4105607,143961
2102804,144281
2602001,144323
4118105,144334
2607802,144366
1700707,144371
1200252,144997
3203700,145101
4114500,145129
4127957,145151
4124509,145159
2305902,145213
5005806,145367
2907301,145480
5217203,145518
2512903,145582
3518503,145818
4123808,145853
3201001,145986
1714880,146027
5000906,146268
2906873,146378
3536109,146477
4112959,146631
3517000,146806
3510302,146815
5211701,147096
5204904,147134
1400308,147252
2904704,147324
3137502,147430
4305900,147487
4202602,147648
2109502,147762
3169000,147930
3504404,148440
2201150,148451
3109907,148501
2914901,148601
3203353,148944
3124302,149107
4123907,149128
3143005,149192
4218905,149489
4218608,149526
2307809,149580
4128534,149618
4317707,149618
1506195,149745
2703759,149849
3151701,149884
3104908,149944
5007554,150069
2923803,150108
2909901,150118
2611507,150188
5004403,150217
3133303,150304
3205176,150334
2805406,150491
2702108,150665
4114906,150811
3126703,150876
1600402,150945
2112407,150954
2901106,150979
3124005,150990
1507201,151118
2804409,151248
3542909,151304
2411403,151343
4305009,151585
2404200,151613
3539608,151712
1301407,151776
4126678,151818
1300706,151888
3154002,152035
4320206,152151
3200300,152170
3303104,152229
1100403,152235
2911907,152396
2305357,152507
1506609,152533
4119806,152864
4115358,153456
2603603,153563
5205513,153575
5218789,153591
4208708,153791
3102308,153923
4213401,154028
4302402,154180
4204400,154180
1505205,154221
2922508,154391
5106281,154567
5105234,154766
1300300,154784
3157906,154801
3536604,154802
2930204,155059
2112506,155117
3112703,155584
2103505,155747
3117504,155894
4102901,155974
5103007,155975
4316105,155990
3140506,156044
3543006,156171
2606606,156426
1300805,156531
2102002,156660
2927200,156713
2311603,156859
4100509,157302
2615607,157478
4302907,157587
4306205,157715
4211058,158004
4313953,158234
2805604,158290
4318606,158343
2310506,158421
2922300,158541
4107108,158638
2804607,158682
4311627,158708
2308500,158757
4215109,158760
3507308,159009
2109601,159324
2919801,159329
4127858,159340
2203701,159345
3108602,159395
4309506,159411
3117603,159511
2200400,159701
3118403,159757
2614857,159827
4111209,160129
3132701,160173
3146909,160378
2112704,160640
1100346,160688
4314506,160691
3108305,160878
2921104,160946
4215455,161084
2702900,161139
4200507,161139
1703842,161232
1500305,161293
2403608,161295
2611309,161600
4106209,161618
2202901,161699
4127304,161794
4115408,161985
3146503,162196
3104601,162260
2933505,162450
3515400,162522
1303809,162583
2613602,162589
4208005,162658
4206405,162707
3108008,162874
3154804,162995
2404408,163104
4321402,163288
5218607,163327
4124020,163333
3302056,163482
2110708,163485
4207700,163885
3119104,163944
3556008,164050
3166808,164124
2921708,164558
3110905,164583
4121505,164998
2903409,165244
2308401,165701
1100924,165716
4200200,165800
3535408,165906
2205508,166238
1507458,166439
4122602,166490
2101251,166512
2906303,166784
2207801,167134
3300902,167262
2613107,167384
3114550,167392
4301909,167617
2807600,167656
4305702,167681
3164605,167712
2314003,167744
4219101,168042
3553609,168066
3202454,168088
3137700,168092
4117107,168287
3154309,168439
2600500,168443
2408201,168641
3301801,168677
4123006,169049
3504206,169054
1501204,169273
4316501,169695
5203906,169957
1711902,170220
2804003,170272
2201200,170485
3140902,170545
4106803,170751
1503093,170781
5107768,170788
3552601,170886
3111507,170940
3152204,170999
3544301,171146
2707305,171182
4125803,171482
2804904,171500
1600154,171959
4209607,172087
4121208,172324
2927705,172354
3302809,172472
2913200,172599
4302303,172919
4110607,172945
3555109,173505
2210607,173530
3145109,173609
1101492,173609
1100148,173651
3104106,174256
1400209,174393
3516903,174774
2902708,174811
1504059,174971
2703205,175262
1716505,175468
4124806,175479
2105708,175720
3534757,175724
2802007,175757
5205000,175795
4214706,176187
5107800,176621
1506203,176749
2917359,176829
4109302,177251
2602209,177434
3511904,177493
4206652,177639
2917300,177719
3204351,178041
2918100,178175
4313656,178192
5222005,178699
3556800,178894
5108501,179085
2504306,179125
2602605,179427
2900801,179464
3301405,179531
3137809,179753
4124400,179797
4208450,179832
2708808,180022
3124203,180098
1508209,180174
3144003,180737
3530201,180861
1500347,180873
2313104,180924
3304102,180948
2404309,181160
2608750,181351
4127205,181612
2921906,181889
4314605,182157
4116059,182213
3523503,182572
3520004,182727
4319406,182866
2310258,182868
3536000,183017
4216107,183389
2901007,183454
3508702,183486
4322251,183647
2800670,183937
2921500,184324
2103406,184327
2112803,184402
1200450,184619
2204303,184979
2304707,185041
4312708,185120
2611903,185176
4209706,185263
3532603,185308
2313807,185496
4204004,185683
3532900,185758
4105706,185784
3125705,186493
5103601,186656
3128600,186763
3542107,186779
2308104,187163
3557303,187414
4312609,187455
5209952,187526
4301206,187776
2509701,188005
1301159,188022
4103909,188700
4318101,188821
4104709,188986
5104203,189013
2905602,189191
3202603,189276
4204350,189345
4205001,189575
3517604,189593
4319158,189716
5003751,189936
3115102,190153
3517901,190313
5210901,190384
4217303,190420
2305803,190443
2411205,190548
1200104,190698
2926004,190746
4306007,191327
5103353,191366
3555604,191800
2600104,191903
2608800,191950
2207009,192401
3514809,192594
5214838,192814
3544905,192885
1100064,193092
3203346,193114
1702208,193361
1600501,193371
3541802,193421
1303569,193863
3532827,193882
4128500,193932
1504000,193959
2903276,194010
2911204,194280
3512902,194768
4203501,194818
2414407,195079
3103405,195413
3538105,195578
2402303,195638
5003801,195818
4216008,196063
2902906,196340
4119954,196368
2302107,196688
2101707,196704
2920601,197614
2701001,197707
4102802,197809
2933604,197973
2409902,198010
2204501,198105
5204805,198585
4111407,198693
3115508,198694
2708105,198730
2912202,198977
4315503,199249
4207908,199266
1716208,199267
3519105,199522
4218509,199684
2708303,199790
3521705,199839
2306256,200020
2704500,200032
3556909,200081
2310704,200100
4312500,200167
1502954,200326
4203303,200338
2313609,200408
2600708,200480
1200302,200520
4107603,200521
2410256,200608
3521101,200670
4112801,200959
2915502,201140
2513901,201308
1506161,201449
2614105,201492
4127965,201961
3114501,202127
2512101,202177
3133501,202848
3168002,202903
2801405,202938
5005251,202980
3101904,203287
3524907,203379
4315800,203689
3508009,203949
3111002,204026
2201903,204103
5000708,204119
3127800,204903
2914653,204905
4116703,204947
4311155,205159
1302405,205324
5106422,205351
2916500,205373
4318507,205441
2608503,205505
3111408,205509
4200408,205616
3303955,205711
5105002,205785
2601409,206233
3112604,206239
3548054,206256
3304409,206378
3139607,206461
3133402,206591
4321105,206604
4207106,206642
3305703,206675
3543253,206716
3545605,207180
5220504,207369
2211100,207504
2905800,207648
3556107,207895
4323804,207981
2405801,208544
5217708,208549
2902054,208755
3521309,208808
3300951,208944
2305001,208951
2306553,208962
3111804,208976
2603009,209180
5104526,209737
3533007,209745
3511607,209827
4104253,209892
4322533,210210
1100940,210217
5002001,210417
4107504,210957
3546009,211247
3301504,211282
3532405,211669
1600535,211985
3512308,212218
3535606,212802
1500958,212960
2604205,213140
3549953,213289
2103604,213301
2300309,213402
3203007,213862
3301876,213965
4304903,214235
2616308,214257
3130309,214267
3147600,214361
3538907,214410
2607653,214506
1708205,214558
5105507,214806
5001243,215020
4127601,215887
3526100,216173
5107107,216184
4118907,217256
2925105,217290
1301704,217550
3507407,217809
3506805,218422
1100338,218431
4320701,218755
3203130,218809
4125100,219058
2602308,219701
2106755,219999
2928109,220008
3535002,220099
2111607,220286
2314102,220618
4104428,220622
5215603,220980
4208807,221481
5008008,221679
3551900,221796
1100056,222021
5005681,222052
3114402,222871
4305306,223012
2512507,223697
3143203,223710
2602803,223749
5103254,223793
3153400,224162
3512100,224170
2902104,224189
3144102,224214
5004304,224451
2114007,224585
2109007,224761
4306908,224790
1505486,224947
4113502,225062
3139508,225450
3305604,225491
5002605,225730
5103452,225805
3132503,225982
2312205,226302
3100203,226324
2929305,226352
3162906,226774
4126603,226783
3547700,227003
4219176,227434
3144607,227754
5215306,227777
3114204,227890
4312617,227907
1200609,227962
3504602,228059
1501907,228096
1100809,228321
4126801,228380
5218904,228557
2506004,228855
2307007,230189
1722107,230191
5006903,230214
4217907,230221
5106257,230236
5211206,230409
2302404,230697
4308102,230756
3520905,230949
2929909,231048
4201257,231412
5215504,231505
4205704,231533
3204054,231613
2932507,231739
1502301,232621
2803005,232622
2605103,232834
4117503,233171
3135050,233405
2931905,233602
4108502,233624
3500501,233684
3203502,233990
2402204,234466
3121258,235187
2409407,235359
5105606,235413
4213708,235415
3551306,235556
1100254,235588
2306900,235623
2609501,235999
3537909,236405
3501301,236565
2312304,236890
1304062,237077
1503309,237082
1508308,237508
3517505,237521
3143401,237578
2802304,237701
4114104,238054
4101705,238326
3545506,238725
4122008,238758
5208905,238779
4216701,238780
2500601,238949
4314423,238961
3205036,239681
4110508,240239
4215505,240264
5218300,240422
3521903,240782
2300754,240831
2400703,240885
1503705,241334
1400472,241464
4315305,241714
5103304,241722
4124053,241881
3138807,243054
3200102,243707
3105103,244317
4317806,244638
5217302,244744
2102325,244982
4300109,245070
2701407,245300
2708006,246215
3524501,246362
2302503,246828
2801306,247024
2709152,247037
2408300,247259
5007406,247285
3551801,247450
2904902,247565
5212204,247606
4117305,247676
2605707,248290
3303005,248305
5108600,248343
5000856,248495
3156304,248518
3534203,249228
3161106,249262
2602100,249367
3168101,249698
3507100,249973
4300802,250584
3204609,250849
3540903,250901
4310330,251065
3505609,251324
3151404,251391
3203403,251416
1302702,251450
5209705,251865
4126306,252170
5002100,252396
2310209,252871
3157708,253145
5205901,253544
3553807,253559
3550902,253661
3157203,253836
3113701,254136
5108006,254163
3101102,254295
3528007,255047
4115606,255255
3501004,255322
4105409,255384
2925501,255387
4113908,255465
4302352,255593
3202504,255852
4121406,255982
3112307,256075
4114005,256087
4211009,256171
3202108,256422
3538600,256488
3302106,256885
2917607,257036
4321006,257340
5206404,257575
3202306,257598
2401206,257659
1504455,258217
3529203,259695
4302709,260633
3555356,261151
3160405,261299
5005004,261617
3508801,261963
1100015,262076
2906907,262803
1503804,263119
4316709,263233
2926202,263604
2313500,263842
2913705,263876
1707009,264357
1200500,264528
3101706,264550
3105905,264633
3204203,264652
5221551,264729
3515202,264737
1505809,264771
4101903,264775
2708501,264998
2926608,265023
5107008,265120
5106240,265204
3142809,265413
2202208,265506
4101002,265680
5101902,265710
2913903,265784
2611804,265945
3301207,266203
3200201,266215
3147204,266338
3133006,266373
5004601,266482
3531506,266527
3527405,267341
4217402,267424
5101407,267863
4105300,268220
2503001,269041
5205455,269081
4206900,269202
3128303,269425
3520301,269465
5100409,269634
2515302,269811
3109402,270278
2401453,270431
5106505,270746
3304128,270825
1503044,271035
5220207,271568
1302900,271610
3126307,271615
3535804,271929
4304663,272055
1100130,272200
2313302,272689
3541703,272723
5005608,273227
3144706,273507
2923001,273963
4106506,274169
3507803,274485
4317905,274500
3524600,274929
2108207,275077
2933208,275129
5002209,275193
3511706,275341
3149903,275999
3158953,276056
4217600,276478
4104501,277316
1709302,277727
4316600,278521
4212502,278810
3155504,278907
2109106,279252
4126504,279798
5214002,279972
4101200,280687
5205406,281772
2615409,282076
4212809,282332
3111606,282617
3169604,282632
5216452,282661
3536208,283148
4202453,283236
3515152,283626
4106605,283645
3111101,283776
2807402,284139
3517703,284371
2919504,284507
4204509,284590
4111258,284594
4121802,285197
2612604,285501
3303856,285722
4211504,286074
2105401,286118
5101258,286281
3147402,289500
2700409,290760
2807105,290973
4308904,291019
2511202,291087
3300225,291120
3113305,291208
2905206,291471
4309050,291730
3533601,291746
3304508,291757
4121703,291845
3546306,292009
4307500,292440
4113304,293245
1505031,293612
4107256,293942
5004502,294271
1508159,294588
4106308,294602
4214003,294793
3554300,295562
4210605,295805
4316006,297375
3115359,297630
5220603,297998
4301305,298334
2800605,298386
3133105,298492
2916302,298496
3522901,298927
1502707,299034
3205010,299051
3157005,299272
2804508,299772
3526209,299824
2914000,300001
3130408,300368
4201208,300522
5210208,301137
5104104,301442
2305407,302015
5102686,302203
2805703,302299
2609907,302984
4102109,303423
5203500,303871
5200134,303945
4218806,304084
5106307,304702
2508901,305036
5205307,305421
2907202,305578
3509403,306018
1301852,306445
3151602,306877
3508603,307018
3134905,307463
4306957,308156
3521804,308173
5201306,308863
3540804,309166
2101608,309789
3147303,309859
2610608,310726
1100098,311787
1502939,311832
3204104,312141
3123601,312673
3130705,313496
2104800,313697
5007935,314248
5004700,314314
3128006,314399
1705508,314490
1303536,314535
3159803,315149
3528809,315177
3502903,315642
4109708,315948
4111902,316109
5219753,316166
3110004,317354
4206702,317436
4314464,319504
3506607,319857
3511409,319998
3526001,320339
2504603,320782
3116605,321375
5107065,322214
5208806,322592
2208403,322808
2706901,323189
4205803,323276
4127403,323637
3205069,323909
1100320,324475
3149804,324857
4212106,324930
5107305,324971
4205308,325049
5002902,325443
3124104,325445
3520442,325536
1505437,326028
4210001,326048
4318200,326081
3201605,326645
5102702,327534
3511003,327576
2300200,327756
2302206,328008
4311007,328128
3530102,328815
4319604,328886
3532009,328940
1506708,329767
4102406,330650
3521002,331073
2103208,331086
3204708,331119
3550209,332034
1506187,333880
4103602,334471
4128005,334638
5105903,335278
5002308,335281
1508001,335913
5205497,336090
1100452,336264
3109303,336348
2110005,336588
4217006,337295
5216403,337577
4115705,338140
1507607,338329
5000203,338434
4314472,338626
3523602,339110
3135209,339717
3171006,340207
3305752,340479
4109609,341184
3512209,341423
4204251,342339
2609402,342814
4217808,343181
3162005,343550
5207402,343620
2702405,343733
5105622,344011
5200308,344661
3529906,345358
3162104,345614
1600279,346802
4318408,346805
2919926,347393
3200805,347440
2401008,347485
1505064,347950
2613008,348342
1508084,348357
1304203,350169
4110102,350542
3152006,350722
2608909,351642
4119608,351704
4208401,352392
4120002,353032
2610905,353864
4114302,353924
5100201,354550
3110509,354581
4119400,354971
4211207,355613
5204409,355732
3538808,356422
4204558,357103
3201902,357323
3162955,357401
5007109,358151
2614204,358797
3539103,359140
4112108,359274
3114303,359631
4208104,359640
4111506,359655
3151107,359657
3302908,359763
5204300,360443
3508108,360765
4211603,361663
1500404,361812
2908408,361911
1505106,363168
4320800,363254
1501808,363439
4320404,364123
2914703,364346
2302800,364415
4202107,365510
4214201,366185
4105904,366561
1506500,366697
3536307,367399
2910503,371221
3520400,372951
4212205,376153
2302602,377210
4309001,377335
4102307,377392
3537404,377620
3202207,377891
2107506,378482
2304103,379566
3535309,379611
2403103,380268
4321907,380637
3551603,380643
2601904,381017
3521408,381531
4213609,381850
3121605,381948
3519055,381992
4305207,382027
4101101,382725
2903904,382897
4116901,383329
4304200,383562
2915205,383952
3544103,384515
5213756,385212
3162922,385476
2906006,385851
3542404,386949
3140803,387353
1503457,387766
5203302,387921
4322707,388823
4127502,389552
4319505,389760
2928802,390081
4216503,390207
4108601,391231
4108809,391298
5214507,391463
3304805,392105
4218301,392282
5100607,392611
3553302,393244
3107307,393255
5217104,393827
1504802,394236
3165537,394851
3113206,397736
3553401,398164
2614501,398380
3146008,398544
1504703,398706
3300258,400093
4313201,401984
3514106,402239
5000609,402429
2706703,402529
3140704,403967
3300506,404186
3507902,406092
4302808,406799
3550407,407763
4321808,408323
4319000,408329
3554805,409012
3531407,409116
2308708,409292
4311205,409433
2412203,409695
2112001,411130
4204707,411456
1713205,411917
5217401,412009
4123501,413132
2907509,415103
4119103,415232
5106372,416553
3300605,420564
3551504,420611
1716604,421891
1507953,422200
5211800,422245
3502705,423372
3548005,423857
2910701,424516
4321303,424905
5103205,426300
4309407,426314
3203056,426905
3514908,427351
2211209,427632
3107109,427747
4215703,427862
4312906,429209
4320909,429588
3509908,430181
3510807,430282
4203907,430395
3541505,432068
3155702,432579
4205456,433874
3145604,434492
3519303,434933
3531100,435874
3552106,436407
2709301,437457
4306809,438226
4316451,438445
2928604,438783
4315701,439145
3503703,439155
4217709,439222
3539202,440091
3129707,440326
3305406,440635
1500206,440767
2400208,442986
2104057,443751
2706307,444152
4208500,445916
3556404,445974
4200101,446167
5104807,446474
4219002,446479
2601201,447132
2108603,447266
5221601,447957
4320107,449683
3303609,450652
4317301,450869
4216909,450919
3124807,452050
2930774,452918
5001904,455726
2311405,456018
3547502,457220
5006002,458684
3501707,459374
5105101,462097
2601102,462790
3201407,463430
5106232,464082
2301901,464715
2607752,464779
3510005,466157
5215231,467546
5218003,468236
4211751,468841
3505807,470286
3110608,471269
2615300,471338
2313401,472288
2402600,473139
4114807,473453
4209409,474495
4217501,474759
1502103,475010
5105150,475733
3304755,476293
2303501,477433
1100155,477501
4216305,477647
4304507,478821
3119302,479056
3151503,479654
1503903,480751
5220108,482364
3200904,482589
4103453,483398
3102605,483673
4202800,483790
2506301,483903
2610004,484106
4318804,485234
4321600,485427
3129509,486188
2929503,487336
3523206,487568
5204250,489168
2707701,489699
3135100,490115
3117306,490189
3306206,491050
2915601,491522
2917706,491841
3529708,492014
2803302,493888
5001003,494481
1507300,495055
3556305,495120
3502507,496062
3525201,496629
5106752,497065
2605202,499040
5217609,499464
1508407,500256
5215702,500593
4321501,505242
2307601,505778
4310009,505810
3510203,505845
4120606,506247
4124103,506702
3520103,506755
2909802,507284
4310801,507996
4304408,508128
1501709,509271
4117602,510692
3130101,512939
4301008,515079
3160702,515483
3512001,516279
3133758,517685
2312403,517967
3204559,518864
3163706,518953
5210406,520256
4206306,520381
4316402,521125
3525102,521470
2930105,522537
4318903,522977
2803203,523634
4313375,524360
3111200,524701
3144300,525635
4213104,528933
5002407,529082
5003306,530702
2930501,530968
5001102,532554
4201307,532599
1501782,534052
4322202,535174
3553955,535980
2402006,537967
2914604,540331
1100189,540861
3546603,541138
3152808,541173
3502200,541193
4111803,541342
4125704,544432
5003256,544859
2911709,544906
1508126,545230
2503704,545321
4114203,546369
4212908,546578
4317400,547609
4311304,548331
2606408,548708
5104609,549108
3500303,549174
2516201,549346
2203909,550099
1718204,550115
2910602,550517
3170800,552174
2613701,553855
3203908,555706
2801504,556044
4102000,556879
3526407,558347
5219308,559354
3542206,562996
3547601,563818
3101508,564993
4117701,565016
5100300,565690
4125605,567737
4213500,567925
3156908,567953
1716109,570080
4211702,570471
2909307,571612
3303708,572304
3503802,572380
4317608,573106
2311801,575304
2311306,576333
1500503,576867
2301109,577080
2806701,577308
3138401,577376
3533502,577510
1303403,578337
4219705,579348
4313060,580507
4122305,580700
1501501,580846
3117876,581144
5210000,581552
4203204,581748
1500107,583793
3304706,584055
3518206,588123
2309706,591626
2103307,593907
2306306,594791
4101606,596608
3139003,596819
3305158,597025
3534609,597484
1100106,598167
1502202,601463
2309607,602770
3300936,604026
3537800,606801
2101202,607057
5006309,611468
4322806,612324
2921005,613777
2806107,616807
3136306,617035
3145000,617921
4312658,618498
3518602,618831
3301850,620367
4308508,620513
4306601,622454
2407203,624094
4210506,627703
3513108,627725
1100288,627848
3172004,628151
3505203,628396
3524105,629151
5007695,629917
3107406,630340
3515103,630976
4119509,631587
3162948,635370
3525706,636119
3541307,637465
3500105,639090
3104205,639615
4313706,642627
4204806,646797
2927002,647029
1302504,647439
3537602,649577
2911105,651069
4215000,653645
4304630,653655
4304358,659547
3537008,660162
3169406,662628
3540200,663942
4104659,664492
4104006,665119
2917508,666035
4205506,667226
5213806,667439
2109908,670907
3539509,672896
3141108,673868
4203956,676626
5208608,677333
3509700,681915
4306767,682531
4107207,682627
2208007,682827
5100250,682973
5210109,683804
4310603,685709
2401107,688025
4313300,691969
4218004,692919
3302270,692967
4321451,697408
3514403,699888
2404507,701908
4207304,701969
5101704,703561
4112009,703645
2702306,703927
2306405,704980
4107652,706289
3540002,706689
4100400,706900
3535507,707335
4104600,707615
4114401,710548
3516705,710995
2604007,711552
5209101,712143
2803609,712380
4321709,720060
3301108,722817
4128203,723334
3550100,724879
4126256,725972
2612505,727015
5103502,729471
4314050,729606
1504422,732170
4120804,732944
3513702,737342
4119301,737356
3531902,741486
5200555,742108
3143104,743439
3203320,746058
2904605,746514
4308201,746720
2613909,746908
3524808,748344
4115804,750258
1506138,752442
2111201,752813
4106407,753182
2803500,754701
4113205,755219
3537107,756060
4314803,761657
3544004,764122
5007901,764488
5002951,767559
5200258,767597
2932903,768017
2301000,768348
3553708,769803
5214606,770876
1200203,771040
5218508,771852
4321204,774211
3527603,775223
3127107,775520
3152105,781595
4110706,785302
3519709,785959
3137205,786658
1100114,797296
3171303,797394
2908507,798232
4208302,798638
4117909,798830
3120904,800196
2501807,806090
3136652,806639
5005707,807936
3127008,808504
3303807,809203
4122206,809517
2601706,811692
2603454,816856
2307700,820090
3515186,824248
5107875,827963
2510808,830948
3509254,835391
3305554,840825
1500602,842407
3205101,847607
1301902,849636
3522703,850559
2600054,853291
4307807,854164
2612208,858893
3113404,859125
3512803,859253
3519600,861803
3540606,862626
5006200,864838
3522109,869872
2802908,870519
3537305,873794
4317103,873868
3544251,876860
3126109,879186
5101803,882330
3516309,883621
2305506,884473
4305355,885720
4307609,890155
2708600,892341
4309605,892861
5102504,895991
3555406,896600
4217204,898067
3542602,899414
2606200,901542
3546702,901671
4309100,904019
3300803,906006
1503606,906106
3556453,910939
3505302,911100
2704708,911886
3545308,914589
3119401,920040
3105400,920143
3305208,929226
5213087,930914
4209003,931963
2611002,932345
5205471,932925
3159605,936233
5102678,937129
2925204,939101
4120903,942566
3549409,945887
4306403,947058
3546801,949379
3546405,956980
2928901,959035
2207702,967407
3133709,975684
2112209,977152
3530300,977180
4213203,979887
4318002,982264
4203808,982357
3137601,982774
3169356,983447
4114609,983588
2304202,985409
4201406,991569
4126272,992201
3103751,996130
4318309,996979
4218202,1000349
4202305,1001115
4210100,1001512
3128709,1002735
3531308,1004633
3555000,1005874
5220454,1009536
3145208,1010516
4304804,1010716
2100055,1012037
4206504,1012209
4308607,1013878
3115300,1015919
4310108,1020677
3306107,1022596
2916401,1022599
2103000,1025085
3162500,1025243
5102637,1026350
5221403,1028754
4303509,1034395
3517406,1034455
5007208,1039413
4219507,1041490
3304003,1045134
3534302,1046216
5006606,1050414
3502754,1056801
2407104,1057410
5206206,1060336
3164704,1061147
4300406,1064424
3515509,1069480
1600600,1075428
5208004,1085948
2928703,1088685
3530508,1089746
4300901,1091182
3506359,1097980
4313904,1100161
4118402,1101756
4311809,1103373
3510401,1107156
2802106,1108185
3139409,1109457
3518305,1111404
5106224,1112452
4104907,1113219
5005400,1113718
3528502,1116127
5221858,1117499
3118304,1129940
3149309,1134938
4207007,1142741
2305233,1146485
3151206,1151269
3505906,1153706
4304705,1157959
4109807,1161945
3511508,1166025
3304300,1168376
3540705,1168791
3528403,1171996
5213103,1173433
3522406,1175016
2925303,1181262
3549706,1185115
3533908,1185866
1100049,1186494
3509601,1189439
5204508,1197471
2606002,1201193
4317509,1203995
4105508,1212578
4322509,1214764
3143906,1218094
4303004,1222147
3106309,1223910
3512407,1227207
4122404,1230993
1709500,1234373
3504503,1237711
4313508,1239024
2606804,1244019
2513703,1244882
2918001,1255503
2922003,1264665
3204906,1268489
3202405,1281845
3148103,1282274
3554508,1283860
3101607,1284402
4301602,1288067
4108403,1299819
2931350,1302925
4203600,1307033
3536703,1313295
5220405,1314512
4219309,1321930
3170404,1330067
3109006,1335180
3202801,1345406
3527207,1356605
3156700,1356782
4300604,1360732
1100023,1364693
5105259,1371529
2910727,1372266
2412005,1380002
3300209,1381762
2905404,1397355
2304285,1404070
3129806,1407024
3147907,1408579
3541604,1411351
3508405,1412089
3502101,1422125
4211306,1423383
4207502,1425282
4306106,1426495
1505502,1427238
4205902,1427625
3302205,1436221
2101400,1438809
3506102,1446951
1100304,1447187
3513405,1450013
3302858,1452834
3550605,1457400
2616407,1461946
5107958,1464263
3305505,1464446
3168606,1465714
4128104,1467370
5007802,1471242
3300308,1473284
4317202,1486461
3138203,1494001
3302254,1495062
3169307,1508905
4322400,1518546
3557105,1520497
5107040,1522291
3539301,1528609
3134400,1529028
4203006,1534459
4214805,1548684
3171204,1561162
2503209,1564376
3501152,1566535
3507001,1570133
4319901,1571774
4118501,1573927
3526803,1573990
3147105,1577111
3105608,1578866
3533403,1598463
3510500,1609177
3516408,1613872
4310207,1627125
3526704,1634523
1505304,1635545
3524303,1637690
3133808,1657410
3504008,1666866
4204301,1669960
3134202,1689146
3136207,1697019
3147006,1701105
4104303,1702323
2801207,1709831
3303203,1709865
4322608,1722109
3154606,1733698
3500709,1736270
1502400,1738923
4101408,1749964
4104204,1753399
4303905,1754045
3549102,1755940
4103701,1766839
3302601,1772367
3506508,1784190
3534708,1791042
2918407,1799720
3543303,1803800
4127106,1804286
2900702,1833519
5107925,1834499
3306008,1835763
3556503,1837457
4312401,1840974
4307906,1853766
1100122,1855358
5003207,1863759
3300233,1869297
3302700,1873273
3131901,1879338
3201506,1882477
3125101,1884763
4215802,1889164
2919553,1899744
2700300,1908879
2903201,1921578
3118007,1922673
3522604,1924254
3531803,1924685
4323002,1948820
3161908,1951642
2804805,1976864
4218707,1980403
1702109,1980667
3503901,1988477
3132404,1993811
3148004,1996955
1301209,1998793
3509007,1998876
3169901,2030568
3304144,2032470
3168705,2036766
3557006,2042691
3145901,2047668
3525003,2049050
3301306,2071659
4307708,2096485
4216206,2107729
3529302,2110726
4311403,2118848
1502152,2120091
2924009,2124083
3515707,2133262
3103504,2147788
2307304,2151334
2610707,2155696
5212501,2167164
2906501,2191977
2910057,2206178
1501303,2227149
3157807,2230851
5107909,2240640
4320008,2242807
5211909,2244412
5211503,2269361
3524006,2304035
1506807,2309691
3554003,2315179
3527108,2325825
4105805,2360600
3522208,2366613
3302502,2372394
4307005,2397415
3301900,2429728
4127700,2438245
3511102,2444101
2914802,2444702
3501905,2465216
3505500,2500648
4109401,2507593
3525300,2548015
2312908,2553785
1508100,2566105
2913606,2567197
3104007,2573182
3522307,2574006
4101507,2621393
4211900,2685688
4202008,2735407
3530805,2761857
3508504,2765679
4209300,2771856
2403251,2794284
2303709,2842606
3305802,2896777
4309308,2910559
3303401,2921047
3518404,2927684
2105302,2936193
3510609,3000084
3507506,3012753
3204302,3082026
3152501,3123047
3201209,3198902
3503307,3211625
3523107,3222392
3170701,3234145
3507605,3245514
2930709,3254038
3203205,3275115
3541000,3276662
3545209,3296868
4202909,3346225
3551009,3360635
3523404,3394630
2604106,3417378
3122306,3417488
2611101,3434155
3127701,3454061
1504208,3458624
3300407,3460172
3545803,3475486
2609600,3479822
2933307,3506823
4302105,3508007
3530706,3593003
2919207,3652177
3140001,3690160
3504107,3709727
3146107,3713842
3151800,3742080
3551702,3742697
5003702,3765442
3304151,3791122
3550704,3820147
4119152,3834700
3538006,3855906
4204608,3870771
4314100,3903721
5108402,3908580
5008305,3917073
3539806,3922731
3556206,3937795
4316907,4006384
4118204,4068127
1500800,4100512
1721000,4102952
3524709,4104912
3502804,4132001
3131703,4137155
4316808,4176628
4314407,4227939
3200607,4246236
4303103,4248239
3515004,4373421
2602902,4422989
3300456,4427123
3200409,4434883
2408003,4438424
3518701,4443142
5218805,4450486
4318705,4455336
2307650,4499790
3529005,4551068
3541406,4563335
3547304,4603218
4204202,4604296
3556701,4623767
3523909,4633757
3302007,4649830
5107602,4826132
3143302,4843675
2504009,4992962
3305109,5015431
5205109,5018784
3516200,5056918
4216602,5115254
1400100,5123255
1200401,5125851
4315602,5143120
3304110,5174745
3201308,5211183
3522505,5220158
4104808,5317063
2929206,5323913
3144805,5382563
2607208,5404486
3509205,5460802
3552809,5473360
3503208,5474437
1600303,5503896
4208906,5515805
4313409,5536879
3543907,5639383
4322004,5670540
3304201,5777847
5201405,5808581
3167202,5820627
3527306,6027355
3305000,6099728
4108304,6245512
3300100,6331317
3552502,6555271
3524402,6682818
4119905,6698733
3513009,6796203
3548906,6805566
2910800,7179906
3501608,7236089
3303906,7244424
4309209,7295812
3170107,7299719
3131307,7520603
2607901,7586200
3526902,7629913
3520509,7651291
3205200,7928904
3506003,8207654
4115200,8554967
3519071,8763445
3304524,8957877
4101804,8993871
1100205,9093823
3300704,9301079
3529401,9323424
3530607,9389909
3513504,9466000
3552403,9488101
2800308,9603944
3306305,9656616
3549805,9770859
4202404,9908621
3136702,9912515
4208203,10060380
3303500,10142818
3304904,10327201
2211001,10627694
3513801,10699784
4113700,10822983
2507507,10843957
5201108,11060524
4205407,11276679
3548807,12205133
2704302,12369801
2905701,12446026
3554102,12449701
3538709,12501662
5103403,12541778
3303302,12587900
4304606,12718014
2408102,12918972
3205002,13048176
3548500,13546942
3302403,13613373
3536505,14141349
1505536,14985169
5002704,15089120
4305108,16471201
4125506,17238007
2111300,18211487
4209102,18252540
3543402,18280844
1501402,18801039
3170206,18950577
3118601,19142636
3547809,19164510
3552205,19721440
3205309,21183940
3301702,23107679
3525904,23155495
3106705,23384913
3549904,25848130
5208707,29038011
3505708,30018704
2611606,33369680
3518800,35671510
2304400,37001830
3509502,38195022
3301009,38684388
2927408,40762686
3548708,42557431
4314902,42724991
3534401,43499785
1302603,50168821
4106902,58122788
3106200,59203074
5300108,144174101
3304557,208153594
3550308,450491987
