CodMunIBGE,Habitantes 2010
3507209,805
3166600,815
5201207,1020
1715507,1037
5101209,1096
3532868,1125
3115607,1210
4300661,1216
3555901,1251
2206308,1253
5212253,1254
2510659,1256
1704600,1335
5107883,1365
3127909,1373
4112603,1409
5204201,1417
4116505,1431
1720150,1437
3123403,1440
3547650,1447
4215695,1465
4322350,1487
4209458,1490
4306924,1527
4305835,1528
4312351,1542
3554755,1544
3146602,1558
3515657,1563
1706258,1564
4323606,1569
4322186,1573
1721257,1574
4205357,1588
4309258,1598
4311270,1598
3555703,1599
1712157,1605
4304853,1607
3164803,1613
2414902,1618
4311643,1624
1709807,1639
3547205,1641
4316733,1655
3103108,1671
4308854,1677
2514651,1684
3513850,1689
5220058,1689
2512606,1699
1718659,1714
4317251,1720
4312674,1721
2512788,1722
4213906,1725
4305934,1725
3118502,1727
3556958,1737
1720853,1742
4314787,1750
3515806,1752
4304622,1754
4217956,1757
4313466,1757
4211876,1763
5213400,1763
3147501,1766
4208955,1766
5106703,1768
2504850,1771
4315313,1775
3160504,1777
3536570,1779
3549250,1780
3149408,1785
3166402,1789
4312179,1799
4304614,1807
3503950,1809
4312625,1813
4123600,1818
4210050,1826
3123502,1841
4300554,1848
4315073,1852
3153806,1861
4116000,1862
3165800,1868
3168200,1873
4315131,1875
4202099,1878
4204756,1882
3529658,1886
4319364,1886
5107743,1900
4217154,1904
3503356,1925
2501153,1927
3555208,1930
4310462,1944
4319752,1944
1720937,1945
4206751,1945
3546256,1953
4312955,1960
3518008,1970
4107520,1970
4322855,1974
3145406,1976
3555307,1978
4322558,1984
4317756,1987
3165602,1988
5220280,1991
3167004,1995
4315172,2000
4301925,2003
4200754,2005
5106315,2005
5200209,2013
4314753,2017
4308250,2018
3100708,2025
4306759,2030
3536257,2032
4205191,2050
5200506,2051
5206909,2056
3103306,2058
2209450,2059
5214804,2062
1703602,2064
4215604,2065
4300471,2067
5212907,2072
2517407,2075
2404804,2077
3147808,2079
4318614,2082
3546108,2084
1713700,2085
2500734,2088
3514205,2096
4207858,2096
1721307,2097
4125555,2098
3549300,2103
2210383,2110
3164902,2110
3529104,2113
3532843,2114
4302154,2114
3156205,2116
3145703,2123
4320578,2124
1718899,2128
3527256,2128
4314464,2130
3531001,2132
4202578,2132
4317558,2139
4306130,2141
1703826,2148
4209177,2148
4323358,2152
4315453,2155
4310751,2156
4306429,2157
2404101,2159
3170602,2163
4319711,2168
3533106,2177
3543238,2187
3149002,2191
3167301,2192
4314134,2196
4209201,2199
5107198,2199
4302584,2200
4318499,2200
4210555,2203
4318465,2204
4312005,2210
4314175,2212
4109104,2219
1712702,2223
5105309,2224
1711803,2231
2510709,2233
3158706,2234
4110052,2234
3103207,2243
3114907,2244
3527504,2249
3554656,2254
5214705,2259
4201653,2260
2407906,2261
4310413,2267
4309126,2269
4211850,2271
3513306,2274
2800100,2275
4313441,2277
4320453,2281
3132800,2283
4214102,2284
1715150,2286
3507456,2293
2414308,2295
4322343,2296
5209457,2299
5212055,2300
4302055,2307
4321626,2314
1101468,2315
1703883,2316
2413805,2317
4115903,2327
4302378,2328
3557154,2335
5215801,2335
4310579,2344
3125200,2350
4316972,2352
4211892,2353
5213855,2356
3142502,2360
2500577,2366
4301958,2367
1718451,2369
4212056,2373
5212600,2374
5209291,2376
2504108,2378
4215554,2382
1700251,2391
3544707,2395
5104500,2397
2502201,2400
2207934,2407
4124301,2408
4305157,2417
1708254,2419
2513943,2420
4305587,2420
3514957,2423
4200556,2424
2401651,2425
4302238,2425
5201454,2427
4215059,2436
4313334,2437
2200954,2440
4302220,2441
1711100,2445
3113800,2446
4320651,2449
4313086,2450
4322376,2450
5202809,2450
4101853,2453
1715259,2457
4305850,2457
4204459,2458
4305871,2459
4317954,2461
3155009,2465
4128302,2466
3124609,2470
4312138,2470
1720002,2474
4205555,2474
5200159,2477
4308433,2479
5207105,2479
2203859,2482
4218954,2482
4315149,2484
4311429,2487
4125902,2491
5107768,2491
3503158,2493
2517100,2504
2505303,2505
3109808,2505
4310876,2507
4210852,2513
4314456,2513
3540309,2518
1719004,2523
2411429,2526
4202537,2526
4311791,2527
4120200,2530
3145505,2533
3167509,2537
3534500,2537
4315057,2542
3547403,2543
4108106,2543
4315958,2546
4306551,2550
3172202,2553
3536901,2558
2208551,2559
5203939,2560
2210375,2561
1720978,2562
1704105,2566
3549201,2566
4308052,2567
1718709,2570
5107156,2572
3507753,2573
4110656,2578
4307864,2579
4310652,2584
2409605,2590
3163607,2592
4303558,2592
4316428,2595
2405900,2601
4205431,2601
2405504,2607
2907400,2612
2513653,2615
2210979,2620
1712454,2622
4119251,2625
2207108,2626
3130804,2629
2605459,2630
3107000,2630
5205703,2632
3528858,2633
3510906,2634
4202156,2635
4318432,2635
4304697,2636
2513851,2638
3554607,2646
4319737,2647
4200051,2653
4213153,2654
2205540,2656
3515301,2658
3143609,2660
4311239,2662
5211602,2663
2406403,2668
3510104,2668
4316477,2669
4312385,2670
3533809,2673
3506201,2674
4215752,2677
5216007,2682
5213053,2685
4103404,2695
2509370,2702
3126406,2705
3170305,2705
3500600,2707
3532157,2707
3516507,2708
3101300,2709
4315321,2710
3527900,2714
4318457,2720
4321469,2724
3553658,2726
5106455,2726
4102703,2727
4124202,2727
3544400,2729
4301073,2730
3162302,2731
4207577,2739
5206800,2747
4214300,2748
3117207,2749
4312427,2749
4211652,2750
4313011,2751
2210953,2753
4203253,2753
4314555,2757
4214151,2758
4323705,2759
4204194,2762
4103024,2764
4217758,2766
4204152,2771
1712009,2773
5216908,2773
4318440,2774
3103801,2775
4302253,2776
3116209,2785
3140209,2788
3157278,2788
4118303,2791
3115904,2792
3549003,2793
4323770,2793
1718006,2796
3164431,2798
3525854,2798
4307831,2798
3548302,2803
3541802,2808
4219150,2808
2516755,2813
4119657,2814
4320321,2814
5221304,2819
3530003,2820
3103603,2823
2209757,2825
5220702,2825
4305975,2826
4306072,2826
5214879,2826
4117297,2827
3516101,2829
3547106,2831
4323507,2832
4210704,2839
2508406,2841
3150109,2841
5210158,2844
3165560,2847
4121356,2847
4202875,2850
2403756,2854
2513968,2855
4321634,2855
3115003,2857
3540853,2858
4101150,2859
3544509,2862
2707008,2866
3130002,2866
4306353,2866
4316436,2869
2415008,2872
4319372,2873
2403905,2874
4101051,2874
2204154,2879
5210307,2887
4211256,2890
1718881,2894
2409209,2895
4215687,2896
3104403,2901
4202081,2906
5219506,2909
1720259,2910
4218855,2910
3101409,2913
4321832,2914
4300570,2917
1717206,2920
4318051,2926
2510600,2928
5003900,2928
2802502,2929
5206305,2932
2506202,2933
5221577,2933
3537156,2940
5216452,2950
5108857,2951
4321493,2952
4309571,2954
2807303,2957
3153301,2959
2205359,2960
3127354,2962
5206602,2964
4305116,2965
4321329,2966
3140407,2968
4306973,2970
3116902,2972
2805000,2974
2411601,2975
2515708,2975
2210391,2976
2400406,2980
3119609,2983
2211506,2986
4110300,2988
4212601,2988
4312617,2988
3135001,2990
4219853,2991
5107263,2991
3122801,2994
3501509,3000
5212006,3000
3515905,3003
4311734,3003
4304952,3007
4215901,3008
4111605,3010
4320230,3011
3121506,3015
5221080,3016
4205175,3018
3515129,3020
4310363,3023
5106174,3029
3125804,3030
3551306,3031
2503753,3033
4323200,3036
2200806,3039
5108352,3052
3127370,3053
3145802,3055
3125507,3056
2410603,3063
4306379,3064
3533205,3068
2209609,3069
5221809,3074
2502052,3075
2211605,3076
4306957,3080
2208601,3085
4307054,3088
4301859,3089
4312377,3102
4304655,3104
3505005,3116
3514924,3120
1703057,3122
3120003,3127
4114351,3127
5103957,3135
3168051,3137
5219209,3142
4213005,3147
1713957,3152
1712801,3154
3110400,3154
3144201,3154
2506509,3159
3525409,3160
4106852,3162
2410702,3165
3149507,3165
4307401,3168
2516151,3169
5219456,3173
1701051,3175
4312443,3182
4312757,3182
4313003,3184
4306320,3190
3539707,3192
5101001,3197
3528304,3200
4319125,3201
2515609,3204
3138302,3205
4128625,3206
4323309,3207
4103370,3209
4217105,3209
4201109,3214
3159704,3224
3522158,3228
5203609,3232
2514602,3233
2201309,3234
4308656,3234
2515203,3235
3170479,3235
3541653,3236
3160603,3238
5218391,3239
3522000,3246
4303673,3247
4322525,3253
2206951,3260
3153004,3265
2512747,3266
3530904,3266
4307450,3272
5208152,3275
1705102,3277
5202353,3277
4306452,3278
4210209,3279
3144375,3280
2201572,3284
4217550,3285
3113107,3288
4202438,3290
4318622,3290
5206701,3292
3121902,3293
4103222,3293
4201802,3300
3119708,3301
3153707,3303
4213351,3303
2401909,3308
5218789,3312
4319356,3315
1100262,3316
2505907,3317
5207501,3320
5203962,3321
5204557,3325
1718840,3326
3126950,3329
4122107,3334
4108551,3337
3114709,3341
2202075,3343
4313359,3343
5218052,3347
3542800,3358
2207355,3363
2513984,3364
3148806,3365
4209805,3365
2414456,3368
3171501,3370
5215652,3371
4206801,3373
3125309,3376
4117404,3380
3129905,3382
3161056,3382
3552551,3383
5103361,3385
4203154,3387
5204607,3387
3119807,3391
2806909,3393
4126652,3394
3143708,3399
2411809,3401
4306700,3401
3106101,3403
5108105,3418
1501253,3431
4112900,3433
4120333,3434
5200829,3434
3119005,3435
4216354,3435
3543600,3436
3533304,3441
4310553,3441
3141306,3444
1702703,3446
3137908,3452
5221452,3452
2410009,3453
2803807,3456
4202859,3457
3115409,3462
5106190,3468
4305371,3471
5214903,3471
4107553,3472
4205605,3472
4116604,3478
3540101,3481
3171105,3483
4323754,3485
3161650,3486
3149200,3490
4304101,3494
3166105,3497
4201604,3502
5203575,3503
1711506,3507
2513000,3508
4107124,3510
4314035,3511
2505501,3512
3160900,3513
3124708,3516
5007976,3518
5215207,3519
2409506,3521
2501351,3522
4322327,3522
5205521,3523
1101476,3524
1711951,3525
4218350,3527
1710904,3532
4219101,3532
2407252,3536
3538303,3537
3160009,3538
2513356,3539
5221007,3541
3102407,3546
4305603,3550
5206503,3555
2503407,3557
3500204,3557
5215900,3557
2210623,3560
4101655,3561
3110806,3564
3507159,3571
4123956,3571
5209606,3571
1100908,3575
4311130,3575
4204178,3581
2406155,3582
3159407,3583
4111308,3583
5107297,3592
2411106,3595
3156403,3596
4219408,3600
4205159,3604
5107578,3604
5200902,3609
4315552,3616
3158409,3622
3551207,3622
2510501,3627
4307815,3628
3520806,3630
4319703,3632
2406908,3633
4310900,3633
4106100,3636
2505808,3638
5205059,3638
4123204,3646
2209500,3648
5106851,3649
5202601,3650
2704906,3652
4315354,3653
3109600,3654
5204656,3656
3127388,3659
5221908,3659
2207850,3663
4120150,3663
3528205,3664
4301552,3665
4116307,3672
1718402,3681
3111150,3684
5219357,3686
2411056,3687
1703891,3688
4300851,3693
3503505,3696
4308078,3697
2807006,3698
3545506,3699
2210102,3700
3504701,3702
4302600,3702
5203104,3714
2511004,3721
4205100,3721
4300059,3722
1712405,3725
3119906,3730
3171402,3731
3144672,3732
2918902,3733
5207352,3733
3502408,3738
2806503,3749
5106273,3749
2512036,3751
3125002,3753
5107792,3754
1703867,3756
2207793,3757
5220264,3757
5108303,3760
3141207,3761
1715101,3762
4204350,3767
1703305,3768
1718501,3768
4311981,3768
1715002,3770
2204600,3771
2201556,3778
3144904,3790
1600550,3793
3106804,3793
2209153,3794
3168309,3794
4103156,3796
5103809,3796
5201603,3802
4120853,3803
4123105,3803
5201504,3803
1707553,3805
2202737,3811
2801900,3813
3122470,3814
3500907,3815
3535903,3815
4115739,3818
2414753,3821
3159100,3822
3154705,3826
4125456,3830
3163300,3834
4116406,3836
5218102,3839
3141900,3840
4320602,3842
3121704,3848
5214101,3849
2201988,3850
2201176,3852
2512200,3854
3127206,3855
3529609,3855
4313391,3855
4314779,3857
2408706,3859
3158607,3860
2205581,3863
1718808,3864
4312153,3865
3542305,3873
2411908,3874
2910206,3874
3512704,3874
3148905,3875
2202455,3878
3522653,3880
3534005,3884
3107604,3887
4304671,3890
3500808,3891
4109005,3891
3501202,3897
4122172,3898
2504074,3899
2918704,3901
3520707,3903
2411700,3905
3153202,3908
4117214,3908
5107750,3908
3134509,3913
4102208,3913
3528908,3916
4305959,3917
3100401,3920
2202251,3921
2413201,3924
4322251,3924
4123824,3925
4313425,3925
4107538,3926
3128501,3929
3120706,3934
2919009,3936
3135308,3939
2508554,3942
4102752,3945
3114600,3948
2401503,3950
3169059,3950
4128658,3950
2408607,3952
3115201,3954
4121307,3955
2801108,3956
5215256,3956
4215356,3961
3152131,3966
3157609,3968
4309159,3970
4113429,3973
4314308,3973
2512077,3978
4313490,3978
4110003,3982
2514800,3985
3109253,3992
5219605,3995
3163201,3996
4312807,4001
3546207,4002
4106555,4002
2514701,4010
5005103,4011
3140308,4012
4301875,4012
2508703,4019
2105658,4020
4120309,4020
3159001,4023
5209804,4029
5215405,4034
4208609,4041
4305405,4044
4210902,4045
3110202,4047
3508207,4053
3100807,4054
2207306,4059
3162658,4060
4309951,4061
3150208,4062
3531605,4063
2206654,4068
4312054,4068
5108204,4071
3508900,4072
3540259,4074
3163003,4075
3149606,4076
4103958,4076
3549607,4077
3132602,4079
3167905,4079
4212239,4080
3160108,4085
5107248,4085
4318481,4094
4119707,4095
3126307,4098
4310850,4098
3501103,4102
4310306,4102
3131406,4107
4212403,4107
3168101,4112
3136801,4113
2210631,4116
3531704,4120
5213772,4122
1703073,4123
3541109,4123
3150000,4128
4320859,4131
4121257,4134
3160207,4135
2513927,4138
4315206,4141
4219606,4142
4113403,4145
2207553,4147
3525607,4150
2410801,4156
5107404,4158
3533700,4163
2305100,4164
2512762,4164
4310702,4171
4311122,4177
1705607,4182
2203255,4183
3532108,4186
2207959,4187
2407609,4188
1718550,4191
3516804,4193
4201273,4193
3112059,4195
3163102,4198
2703908,4202
3120102,4204
1701101,4213
2514552,4219
3140100,4219
2501534,4220
3127404,4220
3166501,4220
4323408,4221
4323457,4221
3540408,4223
3137304,4225
2412401,4231
2404002,4233
2208858,4241
4313607,4243
3515194,4244
3156452,4247
4207759,4253
4309555,4254
5209408,4258
2208874,4263
2203420,4264
2512754,4264
1600253,4265
4211454,4267
3507308,4268
3543105,4273
3532702,4274
4211405,4275
3548401,4277
4106571,4278
2211704,4280
1720309,4283
3532207,4288
3532058,4290
4103479,4290
3502002,4293
2408409,4295
3530409,4295
3521200,4299
4110409,4299
4215406,4301
4300455,4301
3136405,4305
4100459,4306
2205250,4309
2209559,4313
2509339,4321
2802007,4326
4315750,4330
2211407,4336
2514008,4344
2702702,4345
1712504,4352
4205209,4352
3527801,4353
3523008,4357
2510303,4361
3508306,4365
2203800,4366
2201804,4369
2607406,4369
3510153,4369
3106655,4370
4309753,4371
3136553,4376
1600055,4380
4321857,4381
1720499,4383
3509957,4385
1714302,4386
3161601,4389
2205300,4390
4300034,4394
2515930,4395
4202503,4395
4322152,4395
2514107,4396
3157377,4397
5221551,4399
2204550,4401
4113601,4401
4122800,4403
4104055,4407
4204103,4411
5212956,4414
2411007,4418
3170438,4418
3516853,4419
3150539,4420
5219712,4423
2111573,4425
3166956,4425
4212270,4425
2210359,4427
3555505,4427
3124401,4429
3525805,4430
3102209,4444
2209856,4445
3543204,4446
4214904,4446
3502606,4450
4305132,4454
1703206,4456
2206001,4456
3117405,4456
3123304,4462
3521150,4463
3539608,4463
4202701,4468
4314472,4471
2202802,4475
2204105,4477
3145851,4493
2607109,4496
4314498,4497
3106606,4498
5200555,4505
1717008,4506
4113106,4506
2509602,4508
5210562,4513
4120101,4514
3201803,4516
2205532,4517
2210904,4522
2205565,4523
2202711,4525
3122603,4535
3509809,4539
2413557,4540
2202851,4541
3116407,4542
2504355,4543
1717800,4544
2207751,4546
3142254,4549
2700805,4551
3136520,4553
2206753,4556
3114808,4556
2911253,4561
4106704,4563
3517109,4565
3136579,4566
5218706,4566
1718907,4568
4103008,4568
4110904,4568
4126355,4568
5000252,4569
3157302,4570
3165909,4574
4308458,4575
5104559,4575
3160801,4577
2513802,4581
5106208,4587
1716307,4588
2107308,4590
1707306,4592
3533254,4592
4113809,4592
3140605,4595
3541059,4599
3157500,4600
1703909,4601
2900603,4602
4115507,4603
3158805,4607
1720101,4608
2406809,4612
2111953,4613
5220157,4617
3111705,4628
2304806,4629
3146404,4631
4218756,4633
3108701,4637
3150406,4640
3529500,4640
4209854,4642
3501400,4650
2209955,4651
2205276,4656
3143153,4656
3150703,4656
3162252,4656
3144409,4658
3169802,4658
2908804,4663
4126702,4664
2203602,4665
1705557,4669
4313037,4671
4302659,4675
4107546,4677
4206652,4679
3120839,4680
2508109,4681
4306304,4683
5205208,4686
2504702,4687
3127057,4687
2201002,4688
3142304,4689
3171154,4689
1200435,4691
2410504,4692
2202117,4693
1600212,4696
2408508,4699
2110807,4702
5219738,4703
2203230,4704
4217253,4704
3150307,4709
4309803,4710
3154408,4711
3128253,4718
4209151,4721
4107850,4726
4318424,4726
3170651,4733
5222203,4735
4311718,4738
4207601,4752
2209807,4754
3518909,4754
3112208,4755
2205516,4757
3120607,4757
2514404,4760
2409332,4762
5219258,4762
3121308,4768
3135902,4768
3104452,4770
2402907,4772
4120408,4784
4213104,4786
5102694,4786
4312609,4791
4219176,4793
4107702,4802
3138351,4804
3554201,4809
1101450,4810
2504207,4812
3528700,4812
3545100,4818
4118451,4822
3520608,4825
2202554,4826
4215075,4838
5221502,4839
3526308,4841
2408805,4845
3115359,4846
2205599,4850
4312302,4855
4120655,4856
5003108,4862
3126604,4863
4300877,4864
2912608,4866
5103437,4866
4303202,4868
2203271,4869
2400604,4871
5208103,4883
3500758,4884
2107258,4885
1101559,4888
4213302,4894
2505352,4900
4111704,4902
4112306,4903
3139102,4904
4200309,4904
4206603,4908
4312203,4911
2211357,4913
2209351,4917
3148400,4918
4309704,4919
4305504,4922
3112653,4925
3156106,4925
5007505,4928
4320305,4929
5108808,4932
3122108,4937
5006259,4940
3118106,4943
4305447,4944
3164407,4948
5209150,4949
1715705,4954
4303301,4954
1708304,4956
2705903,4957
3504305,4959
3104809,4960
5208301,4962
3145372,4963
3110103,4968
2803104,4972
4115457,4981
3105202,4987
3132008,4988
2509503,4990
3157401,4992
2207405,4993
3159308,4993
3512605,5001
3107208,5007
3120409,5007
5213905,5007
1706001,5009
4310538,5010
4216057,5012
2413706,5020
5204953,5020
3507704,5021
4107157,5027
5103908,5027
4126272,5028
1702158,5030
3108800,5030
3527702,5030
2502300,5035
2503100,5035
3129400,5036
5007307,5036
2202653,5039
3509106,5039
3163904,5040
2909505,5041
2517209,5045
4115853,5046
1507755,5047
2200459,5050
4107801,5050
3102506,5053
1716653,5054
5210802,5062
3135076,5067
1720655,5068
3172103,5070
5107206,5070
4303400,5071
2203750,5074
4121109,5088
5200175,5090
2200103,5098
4116950,5098
2205458,5100
3115474,5102
2502706,5111
4312104,5111
2706208,5112
2401602,5113
4322541,5118
5104526,5123
4311908,5134
3127339,5139
3125408,5142
5222302,5145
2210052,5148
2209377,5149
3553856,5151
3503000,5152
2200277,5153
4314068,5154
5102686,5154
2511707,5155
3135704,5156
3117603,5158
4113759,5160
1700301,5162
4307203,5163
3123858,5175
3161403,5178
4122909,5178
4314423,5182
1703701,5185
3162575,5188
3122702,5196
4320354,5198
4219358,5207
2505279,5209
3112109,5209
3122504,5209
3121001,5211
2205904,5213
2410256,5217
3150901,5217
3155108,5217
3544608,5217
3165578,5219
3123106,5223
4109203,5227
4311627,5227
2403301,5231
2204006,5235
2414704,5236
3512506,5238
2500536,5239
5107354,5240
3505351,5244
5100359,5247
4124004,5249
4200903,5250
2913309,5255
1507466,5265
5208509,5265
3145455,5267
3302452,5269
4124509,5269
1706506,5273
2705309,5275
3155306,5276
5104542,5276
2205607,5281
3158102,5284
4323101,5285
3148202,5287
3537701,5287
3555356,5289
3155900,5292
2101350,5293
3102050,5297
2201919,5304
4218103,5308
4322905,5311
4306734,5313
5101852,5314
2201705,5319
2802205,5324
2513505,5331
3105301,5338
1707652,5340
2405207,5345
3138500,5346
1703107,5349
3524907,5349
4126108,5349
4321352,5351
4301800,5357
4113452,5361
5003504,5364
2513307,5369
2205524,5373
2910909,5384
2201929,5393
3135407,5395
3539905,5395
5106653,5395
5002803,5398
2402808,5405
2414159,5406
2202109,5408
3160959,5408
2703403,5413
3547007,5413
4315008,5413
4108452,5420
3138708,5422
3136108,5425
3517307,5425
3554904,5427
5105234,5431
4118600,5434
5106182,5436
5210604,5437
4100905,5443
3553203,5447
5106802,5449
3544806,5451
4304002,5459
5215504,5467
2101806,5469
2204352,5475
2109700,5487
5103106,5490
3107703,5491
4117206,5503
4303806,5506
2514453,5508
5200852,5508
5203807,5509
4311700,5510
2209302,5513
4107108,5516
5100102,5516
4125308,5517
4316204,5518
2405405,5522
2202539,5525
2702207,5526
2500205,5530
3515608,5534
3153103,5537
4200606,5548
3171071,5549
4201901,5549
4215208,5551
3136603,5555
2703700,5558
2404903,5564
2209658,5567
3509452,5567
3546504,5568
3164100,5570
2202729,5572
2102150,5577
3147956,5579
3536109,5582
4122651,5588
3111903,5589
2202133,5592
3165503,5594
2112274,5596
4210035,5600
2504033,5601
3500550,5601
2209872,5608
2501708,5611
2508802,5613
4120358,5628
2801603,5633
3163409,5636
2413102,5637
2503803,5637
2802601,5645
3116001,5645
2603405,5648
3502309,5653
4118857,5653
3203601,5655
3524501,5657
3171907,5658
1700350,5671
2202091,5671
2210300,5675
3534203,5675
3167806,5676
4312476,5676
3166006,5683
4115358,5684
4117453,5692
3159506,5697
4316758,5697
5209937,5699
3501806,5706
4207403,5707
3136959,5708
3552908,5714
2929354,5715
3105509,5720
2205151,5722
3545704,5723
4128633,5727
4319208,5727
2403707,5734
4103354,5735
1100601,5736
3164472,5739
1713809,5740
4301651,5741
2413300,5743
4315909,5743
2614402,5744
2503902,5749
2502102,5751
5219100,5751
2413607,5752
3120300,5760
3131000,5760
3122405,5763
3169109,5764
2512721,5765
4319109,5773
3161304,5776
2200905,5779
3536802,5780
4311601,5780
4321956,5787
3119955,5790
3552007,5792
3133907,5799
3126752,5800
1600238,5802
3164605,5805
4126405,5817
2403400,5822
4107306,5828
3134103,5830
3167707,5830
3146255,5834
4126900,5836
4320552,5850
3130408,5859
4308706,5862
3108206,5865
2406007,5868
3126802,5879
1701309,5882
3122355,5884
3532801,5891
3553104,5894
3535705,5898
4322103,5898
5005152,5900
5008404,5901
2100105,5905
4124905,5911
3523701,5914
4305439,5917
3127503,5921
2412104,5922
3554953,5930
4107900,5931
4107736,5932
3146552,5934
3117876,5936
2509396,5939
3127073,5940
3548104,5943
4109658,5955
4114708,5956
2111672,5957
2805208,5973
4111100,5979
2309904,5986
3512100,5994
2101939,5996
3122900,6001
3542008,6004
4202131,6004
4209508,6004
2209401,6007
2514305,6010
4307559,6011
4314076,6011
4128807,6012
2201739,6015
2401859,6016
3146206,6016
3521101,6016
4310439,6016
1101484,6018
2301802,6026
2209104,6027
3167400,6027
2413003,6028
1710706,6029
2109056,6030
2506608,6031
1505551,6033
2202752,6036
4216255,6036
4125357,6041
5106281,6042
4309654,6043
3120151,6047
4316956,6053
3170750,6054
3157658,6055
5204805,6060
4109757,6066
3141702,6069
2510204,6070
3155207,6070
1200054,6072
4300703,6073
3101631,6075
2111631,6090
2209203,6096
4122701,6096
3534104,6097
4107405,6103
2207777,6105
4200507,6110
4303707,6117
5219902,6120
3129202,6121
2709004,6122
3503109,6123
2311231,6126
4212700,6131
3129103,6137
3134301,6139
2104701,6140
1506906,6141
3105707,6143
4214409,6143
3103751,6144
3129657,6155
2502607,6156
2209906,6157
3101201,6162
3543501,6163
4315156,6163
5211701,6164
2509156,6173
2910776,6184
4311254,6185
3130705,6190
4214508,6192
2201945,6193
4108908,6197
2502904,6198
2505238,6202
3152600,6213
4119202,6215
2304608,6218
4203105,6219
2206050,6220
4206108,6223
2406205,6227
2502151,6227
4312450,6227
2210938,6229
3138674,6234
2412708,6235
2515906,6238
2804706,6238
3165404,6241
5204854,6241
1718758,6254
4127882,6256
3143807,6257
3161700,6264
4115309,6268
2209005,6273
5007802,6287
4219200,6290
3169505,6293
5103858,6293
4320503,6294
2201770,6296
2209708,6298
3113602,6298
5211305,6300
3547908,6304
1100031,6313
2903102,6313
1701903,6317
3514700,6318
3139250,6321
5207600,6322
3141504,6331
3536406,6339
3144359,6341
4218509,6341
5004908,6341
4313102,6342
4300638,6353
4124608,6354
2900900,6357
4113254,6360
1707108,6363
4319307,6364
2109239,6374
3519253,6376
4100202,6376
4200804,6380
3202009,6397
3138682,6400
2803708,6401
4305124,6402
3518107,6404
4210407,6404
3150604,6406
4108320,6418
3519204,6419
2205573,6422
3130556,6424
4208005,6426
2100550,6431
5106000,6436
5214051,6438
2903300,6453
3109451,6453
3170578,6461
4321477,6461
3138005,6465
3131604,6467
2501203,6470
2513208,6471
2918555,6474
3161205,6483
3138104,6484
3548203,6486
4125753,6491
5005251,6491
2403202,6492
3108503,6497
2206902,6498
2206670,6499
3107505,6501
2106201,6510
4125407,6511
4128708,6513
5220686,6514
2101731,6524
3118205,6526
4301701,6529
4112207,6532
4304309,6535
4303608,6542
3146701,6545
3116308,6547
3159357,6547
4305702,6552
3163508,6553
4218608,6553
4103040,6554
4103206,6561
5221197,6561
3128600,6565
4300901,6565
2203404,6569
3154150,6569
4302204,6574
1200328,6577
2413508,6581
2504504,6584
3542701,6587
3526605,6590
5108907,6590
2210201,6591
3524204,6592
3505104,6593
2701357,6598
1718865,6599
3126000,6600
2201408,6607
3553906,6607
5001508,6609
4113007,6610
2505600,6616
4310405,6618
4108700,6625
4212254,6627
2507804,6643
2922755,6648
3165206,6655
2707800,6656
2207207,6657
2513158,6658
2200608,6672
4308003,6672
2927804,6673
3148756,6673
2203354,6675
3532306,6678
3164308,6686
4212304,6692
1717503,6694
2515005,6696
3100104,6704
3115458,6708
3527009,6712
1713601,6716
2708204,6718
3131109,6724
3519501,6725
1721109,6736
4126207,6736
2615102,6737
2611533,6739
1702307,6742
4316501,6747
2200053,6749
1400605,6750
4307104,6753
4111001,6759
3163805,6760
4119004,6761
1400506,6769
2206357,6769
3115706,6772
3162948,6778
1500131,6780
4207684,6798
2933257,6800
2405108,6801
2202174,6803
4121604,6812
4314001,6812
2503555,6814
3533601,6817
3108107,6818
3121209,6830
2304277,6840
2208908,6845
2312809,6852
2606309,6855
2300606,6856
4115002,6858
3157104,6859
2505006,6866
3156304,6867
3111408,6870
5212709,6871
2924108,6876
4218400,6876
5200050,6876
3125606,6877
4302501,6884
5200605,6885
3556909,6886
3162203,6887
2505204,6889
3138625,6890
2707909,6891
4309050,6891
4318606,6904
4311775,6905
3168903,6906
2400901,6907
3130606,6908
3120870,6913
4118709,6913
4313805,6920
2105989,6923
5219407,6924
2510402,6931
3146750,6931
2404853,6932
2705408,6935
3127305,6951
3160454,6955
3168804,6961
4200408,6961
3518859,6966
3138906,6976
2511608,6978
3204252,6979
2110658,6983
5207535,6983
2300804,6984
2406304,6989
2703502,6997
4210803,7000
5205471,7001
2914208,7002
3121407,7002
4216404,7002
3305133,7003
3165305,7008
3516606,7011
4308409,7014
4301750,7018
3122207,7024
3142403,7028
2700904,7030
3149952,7036
2806404,7038
2919959,7038
4120705,7045
4300307,7045
3506409,7048
2515807,7050
3116704,7054
2504157,7058
3545159,7059
2109759,7061
3511904,7065
2410900,7067
4311759,7072
3112406,7089
4214607,7090
3165107,7093
4301503,7096
3117836,7101
1710508,7104
2915304,7110
3150158,7110
3135456,7116
5212105,7118
3123809,7122
4104105,7125
3511201,7127
3166303,7128
2502003,7143
2701902,7146
3531209,7152
4320263,7158
1707207,7161
2202083,7163
2708709,7163
3139706,7163
2508505,7164
4218251,7167
2409704,7171
4309902,7171
3101805,7172
3140530,7173
1717909,7180
3550506,7198
4316303,7203
3128808,7206
3150570,7211
3512902,7214
2503605,7220
4207700,7220
3165701,7230
3158300,7231
1706100,7234
4103800,7236
4106456,7238
4300208,7255
5007554,7259
3128907,7265
2513604,7266
4213807,7267
3521507,7275
2510006,7280
4306056,7280
3145877,7284
2602506,7307
4121752,7307
2915403,7309
4304713,7312
4113734,7315
2306207,7316
1501758,7317
2922201,7317
3200359,7317
2109551,7318
2410207,7320
2206704,7321
3542503,7323
4300646,7323
1302108,7326
3130655,7330
5106265,7332
2209971,7336
4314027,7336
2104628,7337
1715754,7339
2200251,7341
2804300,7344
4101309,7351
5204003,7354
2508208,7370
4215307,7370
5222054,7371
4211801,7372
2515971,7373
2206506,7391
5107776,7397
3145059,7398
4117271,7398
2509305,7407
4201703,7412
4319158,7421
3543253,7422
3123528,7423
4116802,7425
2706604,7426
2402402,7429
2202778,7433
2922805,7435
3552304,7435
4107256,7445
3124807,7446
3537503,7454
4201208,7458
2507606,7459
2901957,7459
3519808,7462
3143450,7464
1505494,7475
2511103,7475
4210308,7479
5220504,7481
4203402,7483
3302304,7487
1101435,7493
2111250,7496
5202502,7496
3134806,7502
2201051,7503
4108650,7503
5202155,7510
3200508,7512
4111555,7514
2606705,7534
3106408,7536
5203559,7536
2507408,7538
4108205,7541
3166907,7542
2313708,7545
5205455,7545
3523800,7546
5219001,7550
2406601,7564
2514206,7564
2700607,7574
3500402,7584
1700400,7586
3513207,7588
5101605,7591
2915908,7598
3137106,7600
2922730,7602
2509057,7609
3548054,7626
4117222,7626
3519907,7628
4312252,7631
4112959,7641
2301505,7650
1718303,7659
2307205,7660
3528106,7663
5004403,7669
4302451,7673
2500775,7676
2916708,7678
4311502,7679
3157252,7682
5104906,7696
3505401,7729
5213509,7730
5004809,7731
4301057,7740
2800704,7742
2514909,7748
4305900,7748
4201505,7753
2703601,7754
4100103,7764
4212007,7765
2413409,7770
3156502,7772
2927101,7775
3116506,7775
3521606,7789
2105948,7794
2112001,7796
3534807,7800
4314209,7811
2205953,7812
2205854,7816
2203008,7831
5211008,7835
3129608,7839
3503406,7841
1505601,7854
3157336,7865
4109500,7871
2616183,7873
3140555,7874
3162609,7874
5214408,7874
4103305,7878
4128609,7878
4307302,7878
5212303,7882
3103900,7883
2103125,7887
5207253,7892
2931400,7895
2312502,7900
4108957,7900
2915700,7903
4103057,7911
3105004,7913
2405009,7925
2615904,7925
3514007,7939
2910305,7947
2101970,7949
3144508,7954
2912806,7956
2201960,7966
2403004,7967
5006408,7967
3121100,7971
3511300,7972
2202026,7974
1200344,7981
5002159,7985
5213707,7987
2505402,7991
4127957,7997
3204658,8001
3102852,8003
2807204,8004
3135605,8005
3154457,8007
2205557,8008
2931103,8008
3158508,8009
2501401,8012
3553500,8012
3146503,8014
3151008,8016
4300505,8027
3130309,8029
2918605,8031
2922854,8034
1301951,8038
4314159,8044
2106359,8051
4215653,8054
2206720,8068
1600105,8069
4103503,8069
2308807,8070
5100607,8072
2919900,8073
4310504,8078
5200803,8084
3121258,8089
4123303,8092
5108956,8093
2412807,8111
1400233,8114
1504109,8115
4309506,8115
2106672,8118
2104073,8126
5215009,8129
1703842,8139
3514601,8143
4117008,8147
3103702,8152
1506401,8155
2603603,8156
3504800,8160
3142601,8161
2909000,8168
5103601,8171
1503002,8177
3126208,8177
3300951,8180
5205901,8181
3112802,8183
2610103,8189
3147709,8197
2206803,8206
2501575,8206
3515202,8208
5000906,8208
1101807,8210
1302009,8211
2407401,8218
2204907,8221
2310605,8226
5102850,8231
4202073,8234
3150505,8236
4317004,8242
3546900,8248
5204250,8254
3143500,8255
2407302,8265
4100301,8270
4106001,8279
2921609,8280
2701803,8290
4107751,8293
2923308,8298
3117009,8298
3135357,8298
1100924,8301
2919058,8305
2512804,8314
2900108,8316
3153509,8318
3540507,8326
4311155,8331
3171030,8346
4211108,8346
2802700,8348
3164001,8356
2911501,8357
5201801,8365
2805307,8369
1700707,8374
1400704,8375
2506251,8376
3152709,8391
3138658,8397
2208700,8400
3534757,8405
3549508,8406
4207650,8409
2923506,8410
3166709,8412
5203401,8423
2410405,8424
2707404,8429
4202057,8430
3517802,8435
4319802,8440
1304005,8444
2102374,8446
4308805,8447
2206696,8464
2920304,8468
1200138,8471
2705804,8491
5000807,8493
1707702,8505
3554409,8505
2804458,8508
5214861,8508
3532827,8515
5103452,8523
2105450,8526
3503703,8547
4112405,8549
2208650,8553
4115754,8555
4322301,8557
3304508,8561
1101104,8566
5100805,8567
2401404,8573
5211404,8575
3158904,8582
3148509,8589
3536604,8589
2204204,8592
2902302,8599
2926657,8602
3514304,8609
1716703,8611
3542107,8612
3171709,8623
4201000,8623
4126009,8626
3137536,8631
4204905,8634
4304903,8651
2933109,8661
3133600,8664
3118908,8667
2412559,8670
3205150,8672
4217907,8674
3128402,8678
4127908,8695
1400282,8696
3519006,8696
3129004,8707
3155405,8712
5203203,8716
3121803,8739
4123709,8760
4215679,8767
2410306,8768
4304358,8771
3532504,8772
2928307,8776
3526506,8779
2920007,8782
1100072,8783
1702000,8786
3545407,8787
4127809,8791
1200179,8798
3556354,8801
3152907,8807
2924900,8822
4316709,8829
3520202,8831
2805109,8833
3555802,8836
4109906,8839
4312906,8840
2907558,8843
2602407,8844
4114906,8863
2310001,8866
3112505,8881
5107180,8881
1100296,8886
2906402,8895
3305307,8895
2907004,8899
2313252,8910
3149705,8912
2204659,8914
3126901,8920
5205000,8928
4306932,8938
1400407,8940
4202602,8942
3202553,8957
2403806,8959
3102704,8959
2917359,8973
4128559,8973
3122454,8974
2933406,8983
3151909,8986
3528601,8992
4122602,8996
1600204,9000
1714203,9000
4112751,9001
2405306,9011
4217303,9016
3116803,9024
3520426,9025
4110953,9026
3159209,9027
3551108,9027
3112901,9030
2701506,9032
5203906,9054
4125209,9085
3154804,9090
2304269,9095
2200707,9098
5216304,9100
2933174,9109
3119500,9117
2616100,9142
1720804,9148
3113503,9148
1200393,9176
5000856,9185
5106240,9218
2516805,9220
2806107,9221
2928950,9226
3136900,9238
2104081,9241
2203453,9245
3130200,9264
3148301,9271
4216800,9273
1702901,9275
2615201,9278
2914109,9285
2401305,9289
3118700,9289
2517001,9298
3123007,9299
3532900,9300
2612109,9312
4211058,9312
4200200,9323
4305009,9323
1400027,9327
2204808,9327
3554706,9330
2805901,9355
3154507,9360
4203501,9370
4305306,9377
1101757,9384
5205307,9392
2404408,9393
2906105,9410
4200705,9410
2107001,9413
2401701,9440
2500106,9449
1300060,9467
2509800,9469
3114550,9471
3555604,9471
3306156,9475
1707405,9476
3201100,9476
4216107,9491
3104106,9509
3200136,9519
3131505,9521
4207809,9531
3169208,9537
2503308,9546
2925931,9554
4204004,9555
2919108,9560
3103009,9565
3153608,9573
3535200,9584
3515350,9585
4201950,9586
3544301,9599
4201257,9600
2407005,9610
3506904,9618
2210656,9619
2928505,9648
3108255,9673
4102604,9735
4305801,9752
2402501,9762
1703800,9768
3509304,9768
3161908,9777
2924678,9799
2925402,9810
3144656,9815
3117108,9820
2508000,9826
3200706,9850
1701002,9865
4321436,9878
2414100,9883
4313953,9895
2201606,9911
3156601,9919
5004007,9927
2202059,9928
3133709,9928
5107941,9932
3543808,9935
2303659,9952
4128534,9957
3517901,9976
3140852,9979
2203107,9981
3106002,10004
3519105,10013
2902203,10036
1503408,10037
3557303,10044
2408953,10059
2912004,10062
5100508,10066
4320677,10068
2903953,10113
4125803,10167
4100707,10179
2929370,10180
2701209,10195
3166204,10196
2507200,10201
2601003,10202
4105003,10202
3537206,10204
2104503,10205
2916609,10207
4118907,10208
1711902,10210
3120508,10210
2202505,10212
3300159,10213
4204400,10213
1300086,10214
2307908,10214
5007950,10215
2310951,10216
4321667,10217
3109907,10218
4316105,10221
2906899,10222
4315404,10222
3128204,10223
3504909,10223
4115101,10224
4301404,10225
2304905,10228
2515401,10230
4211009,10231
5108501,10235
2507903,10237
1100502,10240
2901502,10242
4209904,10244
3162559,10245
3126505,10248
4214201,10248
4118105,10250
3142106,10251
5001243,10251
2111748,10256
5220009,10257
2110856,10261
1507961,10262
2516409,10262
3161502,10263
2706422,10264
2402105,10266
3115805,10266
1506104,10268
2204501,10268
4305173,10268
3119203,10270
2806800,10271
2922250,10272
2207603,10276
2311207,10276
3100500,10276
3164209,10276
3123700,10280
4100806,10283
4127007,10283
5216809,10283
2704609,10284
4214706,10284
4315800,10284
2413359,10287
3305901,10289
2918456,10290
3170503,10291
4216008,10291
3109204,10292
2103109,10297
3154101,10299
5219704,10302
2921302,10306
3204302,10314
3129301,10315
3149150,10315
5101308,10316
3304607,10321
3136504,10324
2511806,10326
2917904,10331
4124020,10332
2206407,10333
4202206,10336
1716208,10338
3145356,10339
2924652,10342
2206605,10345
3125952,10349
3132909,10349
5100409,10350
1101203,10352
5205802,10361
2927903,10363
5003488,10363
3151107,10364
5004106,10366
2905107,10368
2919306,10368
3141603,10368
2930006,10371
4117255,10377
2406700,10381
1716604,10384
3151602,10384
3117801,10388
2902252,10392
5108006,10392
3550001,10397
3161809,10398
2306801,10399
4215455,10400
2204402,10402
3204807,10408
2911659,10412
2929404,10414
3543709,10414
3152303,10417
1703008,10424
4123402,10432
1400456,10433
4210001,10438
2407500,10441
2111904,10444
4207908,10448
4321006,10448
5105002,10455
3107901,10457
1502764,10466
3117900,10468
3548609,10468
2206100,10473
4116059,10474
2403509,10475
1720200,10481
2301257,10491
2916302,10495
2300101,10496
4206405,10498
2920809,10500
2921450,10507
1101005,10512
2201150,10516
2105963,10517
2505709,10517
5218607,10523
4314704,10524
4111209,10531
2510105,10533
3124906,10540
2921906,10545
3166808,10549
3158003,10552
5204102,10553
4315107,10558
3165008,10561
2509909,10566
3544905,10568
3171808,10572
5213756,10572
3544202,10575
3503604,10579
2701100,10583
2102408,10593
4124806,10599
4203709,10603
2608255,10604
4208708,10609
4204707,10613
2911303,10622
4110805,10622
3539004,10623
5107859,10625
2104305,10635
4206207,10635
1702406,10645
3164506,10647
1101609,10649
2103901,10649
5212808,10649
2414506,10659
2911006,10660
4205308,10661
3516903,10669
3517208,10670
2923035,10673
2205102,10678
4121802,10678
5106299,10684
1714880,10686
3131802,10692
5208400,10695
2102754,10698
4218905,10699
1303957,10705
2109304,10717
2904506,10717
2414803,10719
4308300,10719
3532603,10725
2105807,10729
2907707,10734
4112801,10736
3130051,10746
5106778,10748
2509008,10759
2203206,10761
3517000,10765
2100501,10766
3556602,10769
2300507,10771
1600154,10772
3506300,10775
2604304,10778
5007703,10780
1302207,10802
2502409,10804
3116159,10805
2111052,10814
3203163,10826
2412906,10827
3553005,10828
4120507,10832
3125903,10837
2400307,10844
3536000,10844
3124500,10845
2923902,10852
4301636,10856
2900504,10859
3506805,10859
3151305,10862
5216403,10863
3202256,10869
2800407,10878
3203106,10879
2702504,10880
3202900,10881
3165552,10885
3109105,10892
3519402,10896
4320206,10897
2917334,10900
2706109,10912
3154200,10913
2402709,10916
4215109,10922
2702009,10926
3114006,10927
3301603,10930
5103700,10933
2105922,10934
3535101,10934
5002001,10936
2111789,10940
1400159,10943
4110201,10943
2202406,10953
2708105,10961
4313656,10969
1300839,10975
1722081,10981
4103107,10987
5102793,10990
2612802,10991
4217006,10993
2916203,10995
2610301,11001
2804102,11001
2901809,11015
5103056,11028
4213401,11031
5106828,11031
4105300,11032
3109709,11034
2400109,11035
3556107,11036
2105203,11041
2515104,11041
2706000,11047
3535002,11051
4105607,11062
2100402,11063
2201101,11067
2904407,11077
4322533,11077
2409100,11100
3203353,11107
2205003,11109
5204706,11111
3102902,11114
2204303,11117
2603306,11125
2614303,11132
4302006,11133
2921054,11145
2904209,11154
3202504,11178
4105102,11190
2511509,11191
2929750,11201
5105176,11201
3513900,11208
4317707,11210
4108007,11222
2919603,11229
4119103,11236
2612000,11240
4117057,11241
2611200,11242
3551405,11256
2112852,11258
5207402,11266
5217203,11266
5219803,11272
3204955,11273
4110078,11274
3120201,11286
3527603,11286
5108055,11291
3519055,11299
4102307,11300
2310407,11308
3541901,11309
3504404,11310
3204401,11325
2305332,11335
3157708,11337
4124707,11337
2305654,11343
3152170,11345
2706448,11347
2506707,11352
2601508,11353
2910107,11355
3168507,11355
3552601,11363
3111804,11365
1502608,11381
2414209,11385
2106102,11390
2506103,11405
2802403,11405
2101103,11407
2806602,11410
2407708,11413
2904803,11420
2106003,11423
3300225,11423
2605509,11430
5105200,11430
2930907,11431
3149101,11467
4128401,11472
4302402,11472
4311106,11473
3111309,11476
5104609,11478
2707602,11480
1722107,11484
2309102,11485
3130507,11488
4123857,11500
2607950,11501
4302303,11519
5213004,11521
4125001,11525
2906857,11527
2301406,11529
4122503,11537
1716505,11539
2109205,11541
2400802,11549
2901700,11554
2902054,11561
2401800,11577
5207808,11580
2100154,11581
2309805,11607
5106109,11609
4304689,11612
1101500,11629
5106158,11643
2104107,11646
2110237,11661
4207205,11672
3127602,11681
3170008,11681
3201704,11681
5003751,11694
3162450,11715
3202652,11723
4121000,11729
2508604,11730
2208106,11733
4203303,11748
3139805,11749
2612471,11768
3525508,11768
3532009,11769
3200169,11771
4118006,11772
3160306,11775
2606903,11779
2603926,11782
2510907,11788
4302352,11789
3132305,11798
3510708,11805
2902658,11814
4127858,11824
5002308,11826
2413904,11836
3113909,11836
4209706,11838
2929800,11845
4218806,11854
3133204,11856
4116703,11866
4112702,11875
1101302,11878
4316451,11880
3155504,11885
1304260,11891
2208502,11897
3201159,11915
2926905,11918
2104651,11921
5214838,11927
2409308,11964
2513109,11976
2111722,11990
2914307,11990
2311009,12001
2601805,12003
2310100,12005
5105580,12006
2305704,12009
2111532,12028
2703759,12029
3529807,12038
3170057,12040
2803906,12042
2101772,12049
2930758,12050
2926103,12055
2705606,12060
1709005,12064
5207907,12066
3539400,12072
4312708,12074
2210805,12077
2104909,12081
3550803,12099
2405702,12113
3557204,12114
4312500,12124
5106216,12127
2608602,12132
3134707,12134
3542909,12135
5003454,12139
2110906,12146
3102100,12159
2404606,12171
3102803,12173
3522901,12173
3129707,12176
4211504,12190
4111902,12225
3509908,12226
2609204,12230
3204500,12240
2922052,12249
3514502,12251
1502855,12254
3137403,12256
4126678,12262
3106507,12300
2400703,12305
2111029,12309
2919405,12311
4306205,12320
4112504,12324
2702801,12325
2312601,12332
2930600,12344
5006358,12350
4207106,12355
2412302,12356
4308102,12359
2922656,12371
3132206,12372
2404309,12374
2404507,12404
2604403,12404
1506112,12411
5209903,12427
1600808,12428
4323804,12434
4123907,12435
2604809,12452
2107209,12464
2921807,12477
2933455,12485
2509404,12491
2905503,12491
3202603,12523
2922607,12530
2602704,12537
1200013,12538
5222005,12548
2105153,12550
1600709,12563
2103158,12565
4301909,12572
2103752,12579
2920452,12592
2930766,12592
3301157,12600
3110707,12602
4116109,12606
3140506,12611
2303907,12615
1713304,12623
4301206,12648
2500908,12653
4102505,12656
1100700,12665
4305454,12668
3141009,12684
2916906,12693
1505635,12697
3556008,12714
3101003,12722
2614709,12725
3553609,12737
1300904,12738
2601300,12776
4314506,12780
2924702,12783
3304128,12793
3541703,12799
2308377,12800
2931707,12803
3145000,12812
4111407,12815
1100379,12816
4300802,12833
2910008,12836
3135506,12848
3516002,12848
2303931,12853
2807501,12855
2313906,12883
3553955,12885
2509206,12902
2305266,12922
2512408,12923
2401206,12924
2803401,12938
3117702,12949
4104451,12952
2806305,12969
2515500,12973
4113908,12973
1101708,12974
2304509,12991
2414605,12992
4217600,12998
4206009,12999
3536307,13000
3551801,13005
2926707,13007
2612703,13021
5107065,13033
3142007,13042
1507805,13045
2708956,13047
2929057,13048
3104601,13049
2915106,13051
2615508,13055
3143005,13061
4117107,13067
2933158,13073
2308351,13086
3538204,13105
2502805,13123
4123808,13132
2804904,13137
1507508,13155
4114500,13169
2609808,13180
2107456,13181
2911857,13192
3140159,13192
2915353,13209
2906600,13210
3534906,13226
3301801,13237
2203305,13278
2909703,13280
5204300,13283
4305207,13289
4211603,13309
3100302,13311
3528809,13332
2913457,13343
2928059,13344
3300936,13359
2102556,13369
2612554,13371
5214002,13404
4101705,13419
1508357,13431
2409902,13432
3140803,13435
2611408,13439
2927309,13456
2801504,13503
2405603,13506
2400505,13507
4121901,13524
3541208,13570
2500502,13576
2612455,13594
2902401,13595
2609105,13596
3170529,13604
4301107,13606
2903235,13612
3203304,13612
2704807,13619
3171600,13619
4118808,13624
2932408,13625
5002605,13625
2804201,13627
1501600,13630
3110301,13633
2909406,13636
2210508,13639
2905156,13639
3156007,13645
3506706,13645
2200301,13646
2917409,13651
2925709,13652
3106903,13653
4119806,13654
3133402,13656
4122156,13661
3520905,13663
4100608,13663
4108502,13669
1505007,13670
4302907,13676
1100080,13678
2103257,13681
4216701,13684
5209952,13687
4123006,13689
2308203,13693
2904001,13695
4125100,13704
2608305,13705
4104709,13706
3102001,13717
4321402,13719
2306009,13722
3104304,13731
2516102,13739
2902005,13743
2207504,13745
2925600,13750
3114105,13750
2924058,13752
2600609,13759
3546009,13763
2604155,13766
3123205,13778
2933059,13786
2106631,13794
2108405,13803
3142205,13808
2411403,13809
4127965,13811
2205409,13817
2110278,13820
3109501,13823
5221700,13826
3205176,13830
2902500,13850
4204509,13852
2404705,13856
2506400,13872
2707206,13872
3128105,13872
2802304,13874
2607703,13881
4115408,13900
1400175,13902
4107504,13906
4107009,13923
2300903,13925
2918753,13934
5104203,13934
2100808,13939
2612901,13941
2507309,13942
2410108,13949
2109403,13954
3200300,13955
2901304,13960
4114005,13961
2608057,13963
4317806,13968
2100873,13973
3549953,13973
1301654,13974
5209200,13976
2406502,13983
2903003,13987
3133006,14003
3127008,14041
3302056,14063
5003157,14064
2106375,14065
2901403,14073
4306007,14084
1300029,14088
1101401,14091
2616506,14093
4122008,14093
2929008,14098
2309003,14102
1503754,14103
2516607,14103
3538501,14107
2409803,14114
2918308,14115
2918209,14118
3125705,14121
3202702,14134
3521309,14148
3155702,14149
4110508,14150
2516706,14153
2501609,14157
2912509,14171
5105606,14174
2414001,14175
3133105,14175
3146909,14175
4121505,14176
2210706,14180
4120002,14189
2903276,14191
3201001,14199
3154903,14201
3504206,14202
3111507,14206
3112703,14206
3139904,14216
2106805,14218
3108552,14226
1200351,14227
2700508,14230
3123908,14242
4320404,14253
2309201,14256
3203346,14262
3555109,14269
2926509,14276
2904308,14282
4320701,14283
2110302,14288
2605806,14293
3168408,14293
4202453,14293
2105351,14297
5215306,14300
5102603,14305
2909109,14307
2609303,14308
3545605,14333
3550902,14346
4209607,14367
4317905,14378
4306502,14380
2920403,14387
1200427,14389
5005806,14391
3158201,14395
3203809,14396
3149804,14404
3134004,14407
2313559,14408
2901353,14414
5000203,14424
2103554,14436
3104700,14455
2302057,14476
5105507,14493
2203503,14512
2108058,14519
2916856,14522
3507407,14529
4127601,14537
2608404,14541
3522802,14549
3521903,14556
3518503,14565
4109302,14582
3535408,14583
2516904,14584
3120805,14591
3112000,14595
4126801,14598
2708907,14603
3504602,14603
2920908,14640
3514809,14641
1504976,14645
2900306,14653
3108909,14661
4103453,14662
4210605,14674
3552700,14686
2513406,14719
1303205,14723
4205803,14761
2706505,14763
4208450,14763
2102358,14784
4204558,14785
1400308,14792
4213708,14810
4205001,14811
2926806,14815
2304459,14817
2102077,14818
3300902,14827
5007935,14833
2904050,14834
2903607,14836
2931608,14836
2204709,14845
4117800,14865
5004304,14875
1200807,14880
4214003,14887
3305703,14900
3108404,14920
2915007,14924
2101251,14925
2516508,14936
3136009,14941
3133758,14945
2100832,14959
4104600,14970
1300680,14979
4110607,14981
4104428,14983
5103379,14983
2311355,15000
5105903,15002
2615706,15006
3157906,15011
3127800,15024
3538105,15039
2304657,15049
1720903,15051
2923050,15051
2918506,15052
1507409,15060
2927606,15060
2311108,15061
2911402,15076
4102802,15079
3303104,15082
3511706,15085
2104206,15098
1200252,15100
2504801,15149
2703007,15149
2106409,15150
1300201,15153
4204251,15159
3116100,15189
2915205,15193
3100609,15195
2913408,15205
1200336,15206
4127304,15221
4307500,15240
3102308,15261
3112604,15290
1501576,15298
2612307,15309
4217402,15316
3515400,15320
2913804,15331
2300150,15338
3153905,15342
5101258,15342
5101902,15357
3107802,15364
5006903,15372
4316600,15373
2905404,15374
3145109,15374
4103909,15394
2930402,15401
4208401,15409
2903706,15411
2105906,15412
3508108,15418
2105609,15433
3110905,15433
2105476,15440
3540804,15449
2311959,15453
2511301,15465
2310902,15467
3523305,15471
1300631,15486
3551900,15501
2913002,15508
3523602,15524
3511607,15540
3162807,15553
3147600,15582
3501004,15607
2608701,15615
2924504,15628
3545001,15635
4126504,15638
5100300,15644
3152402,15667
2705200,15682
1501725,15690
2607802,15692
3537008,15700
2900355,15702
3156809,15704
4116208,15718
3515152,15721
2900405,15731
2906824,15732
3539103,15733
2925253,15742
2311900,15752
2907905,15755
5106372,15755
2310803,15757
4215505,15757
5200100,15757
5206404,15760
2608206,15773
3514908,15775
4127205,15776
2912301,15785
3203130,15809
2608008,15819
3169000,15823
2802809,15831
2412609,15843
1501006,15849
4315503,15849
1100940,15854
3142700,15862
4102901,15880
4106209,15891
2104552,15895
2930808,15899
4312658,15936
1702554,15950
3151701,15959
2901155,15961
2104602,15991
2608453,16007
2920205,16014
4212106,16020
2903508,16021
1101492,16035
2616001,16052
2516300,16060
4115606,16078
4213500,16083
1200708,16091
4211207,16126
2931053,16128
3138609,16149
4308904,16154
2300408,16203
2504900,16257
3528007,16259
2921401,16279
3512308,16288
1505403,16311
4106308,16312
4107603,16314
1300102,16317
1501451,16318
4212908,16332
4211751,16337
1301506,16338
4121406,16338
2804003,16343
4101903,16354
2300705,16359
4319406,16368
3532405,16414
2923357,16425
5006002,16432
1400050,16448
2200202,16451
2932606,16466
2917805,16467
2931301,16516
2801702,16519
2929602,16585
3304110,16592
2101301,16604
3508801,16607
4321105,16629
4104402,16655
2308609,16705
3131158,16708
2922706,16713
4300109,16722
2910859,16740
2303402,16746
2503506,16748
2801009,16749
5204409,16757
4127403,16759
2507705,16776
1600535,16809
2313351,16827
3501152,16839
1100346,16853
2800506,16857
2803302,16864
1508050,16875
2502508,16888
1507102,16891
2908705,16898
2605152,16917
4217501,16936
4105201,16938
1507979,16949
3137007,16994
2924207,16995
2507101,16997
2613800,17000
2932457,17000
2111805,17002
2307254,17002
2912400,17008
2907608,17013
2511905,17024
3202207,17025
1100056,17029
2931806,17029
1600402,17032
2512002,17032
5005681,17043
3114501,17048
4114401,17048
3530201,17059
2302909,17062
2900207,17064
2909208,17066
2304236,17069
2901601,17072
4309001,17075
2700706,17076
2701704,17077
4212809,17078
1304237,17079
3502754,17080
5220405,17088
3154309,17089
4121208,17089
2501906,17093
2919702,17093
1304302,17094
4200101,17100
2603504,17104
3155801,17110
3108305,17118
5217708,17121
5107305,17124
3134608,17134
1100403,17135
2200509,17135
1506351,17141
5008008,17146
3137502,17161
2109270,17165
2312106,17170
2806008,17173
2604908,17183
2706802,17203
1506583,17206
3524600,17208
1200385,17209
2905305,17209
2500809,17224
3150802,17232
2111078,17238
4105706,17240
3108008,17243
2701605,17250
2702553,17251
3148608,17260
4217808,17260
3500501,17266
2912202,17282
4208807,17290
3556800,17297
4101002,17308
2301851,17315
2904852,17327
4206900,17330
3159902,17345
3161007,17357
3512001,17371
2919926,17376
3540903,17377
2108801,17381
3535606,17388
5209705,17398
5205513,17407
3115102,17412
2604700,17419
2700201,17424
3304409,17425
3301207,17434
2111607,17474
2104404,17482
3138807,17486
5106232,17515
3305406,17525
1302801,17528
3144706,17528
3204351,17530
3510302,17532
3511409,17532
2208809,17556
2107902,17562
2512705,17581
2600203,17586
2106300,17587
2313955,17593
5107008,17599
2103174,17622
3140902,17639
2910750,17652
2313005,17665
4310330,17670
2208205,17671
3104502,17674
5107701,17679
2406106,17692
1506161,17697
3132107,17720
2901908,17731
2104099,17757
3304102,17760
1503044,17768
2107100,17783
2110401,17799
3535804,17808
5103007,17821
1304401,17837
2913101,17840
2101509,17841
3203502,17849
3521705,17858
2306702,17863
3517505,17869
2908309,17889
2703304,17898
3117504,17908
4212205,17928
3302809,17935
3124005,17946
2924306,17982
2903805,17991
1302306,17992
2111763,17998
3517604,17998
3511003,18003
1300144,18007
2500601,18007
2205201,18035
4106803,18040
3523503,18052
3169703,18055
2108009,18067
2609154,18083
2307635,18088
5107875,18094
2930303,18112
3204203,18123
2917201,18127
4218301,18129
2210409,18134
3159803,18138
4205704,18138
1303601,18146
2908101,18153
2601052,18156
1303502,18166
3131208,18170
2932804,18173
5103304,18178
2506806,18180
2613404,18180
2500700,18201
2511400,18222
2616209,18222
2704104,18250
3543006,18269
1303007,18278
1502772,18288
3167608,18298
5201702,18305
3104908,18307
2614006,18331
2202604,18336
2102507,18338
4313060,18346
2303105,18347
4309605,18348
2606507,18360
2504405,18363
2305357,18392
3203700,18397
1400209,18398
5204904,18410
4126306,18414
1708205,18427
2929255,18427
4206306,18430
3536208,18446
2104008,18452
4126603,18454
5210901,18458
5107800,18463
4301305,18470
3100906,18479
3101904,18488
3542404,18494
2102606,18505
2804409,18506
4104501,18526
3508702,18538
2916807,18539
3508009,18563
2303303,18567
2603900,18574
3153400,18577
1100064,18591
2107407,18601
2904704,18605
5004601,18614
2306504,18626
5101407,18656
2310852,18683
3128303,18714
3526001,18726
2303600,18745
2931202,18748
5102702,18754
2107605,18764
3139201,18776
4301008,18783
2313757,18802
2603108,18819
3146305,18849
2501005,18879
5007406,18890
4101200,18891
4124400,18893
2306603,18894
2704401,18897
2303956,18915
5218904,18915
3531506,18931
2912905,18943
2112233,18953
2929701,18964
5107107,18998
2304301,19007
2709103,19020
5003801,19035
4313201,19045
2927507,19064
2202000,19074
1304104,19077
2607000,19081
2501302,19082
5220603,19089
2514503,19096
2920700,19101
1707009,19112
3170909,19116
3205036,19130
3122009,19133
2107357,19134
5212204,19153
2106326,19155
2611705,19162
4104659,19163
3533007,19180
3526100,19246
4320909,19250
4318101,19254
5106307,19290
4128500,19298
4310009,19310
3111101,19324
2305209,19325
2920106,19326
2707503,19334
4127502,19344
2806206,19365
2700102,19377
3147303,19379
2805802,19386
3540754,19397
2311504,19412
1506559,19424
2311702,19455
4316006,19485
2210003,19548
3137809,19554
2301950,19573
2402303,19576
4311205,19579
5002209,19587
2603801,19593
3105905,19599
2904753,19600
3137700,19609
5005202,19617
3142809,19619
5106257,19643
5002951,19648
4105409,19679
2500403,19681
3544251,19691
5003256,19695
2108900,19708
3507100,19708
3171006,19723
2932101,19750
2313807,19765
1100809,19779
4114104,19781
2207801,19785
3162955,19799
3139300,19813
2911600,19818
4215703,19823
3301108,19830
2932705,19837
5001904,19839
4314605,19841
4120804,19851
3517703,19858
1100148,19874
4310801,19874
3527405,19882
2917102,19914
2111003,19920
2311264,19921
3540002,19964
2505105,19978
2801405,20007
3114204,20012
2931004,20013
2702108,20019
2202307,20020
2303006,20020
3521408,20029
2909604,20046
2800209,20056
2902609,20060
3113701,20069
2108108,20079
3149903,20087
2107704,20103
4319000,20103
2924603,20121
2604502,20137
2211209,20149
2111409,20153
1504950,20158
1200450,20179
1506302,20183
2109502,20209
2916005,20216
4219002,20223
2610400,20224
5201306,20239
3304151,20242
3147204,20245
3305158,20251
2601607,20253
4112108,20269
5200134,20279
4208104,20301
2929107,20305
2211308,20326
5103502,20341
2101905,20344
2408904,20354
2503001,20362
2705705,20364
2105500,20381
2908200,20391
4302709,20406
2701308,20409
4106605,20416
3114402,20426
3144102,20430
3301504,20430
1502004,20443
3505807,20445
3205069,20447
2102705,20448
3529708,20451
2106706,20452
3547700,20475
2613305,20488
1600501,20509
4306809,20510
4100509,20516
4318200,20537
1500859,20543
2605400,20571
3529906,20592
4101101,20610
1507474,20647
3548005,20650
2608503,20659
1713205,20684
2301307,20685
2407807,20685
3111002,20686
2932200,20691
2308906,20700
2614857,20715
5205406,20722
2916104,20725
5203500,20727
4203907,20769
2923407,20775
3167103,20835
4124053,20841
5100201,20856
2111706,20863
5004502,20865
4119954,20920
2610806,20944
5007109,20946
2908002,20964
5002902,20966
2923605,21001
3133303,21001
1502509,21005
3141405,21026
3110509,21080
3512407,21080
2915502,21081
3507803,21107
2509107,21176
3535309,21186
2902807,21187
2108454,21201
4113502,21201
3143401,21203
3301405,21211
3143203,21234
4206702,21239
2900801,21271
2512309,21283
4320107,21285
2613206,21312
2702603,21321
3305604,21349
3133501,21377
3139508,21382
5108600,21382
3554300,21386
2309508,21389
4211702,21393
1200104,21398
2504603,21400
2906907,21414
2922409,21449
1303304,21451
2931509,21482
2302008,21514
2109007,21530
3204005,21548
4128005,21558
2921104,21560
3507902,21580
3546702,21634
4203956,21674
3115508,21705
3531407,21746
4106506,21749
2304350,21786
4216909,21792
2903409,21798
3204609,21823
1100320,21828
2923209,21831
2100204,21851
2501500,21851
3513603,21866
2607604,21884
2106508,21885
4319505,21932
2926202,21937
2600906,21939
2304004,21954
2612406,21955
2805505,21983
3142908,21994
2930774,22000
2102903,22006
2108702,22016
2904100,22037
2614808,22068
4210506,22101
4318408,22134
2611903,22151
2412500,22157
2911808,22165
2605608,22169
2933505,22189
2918803,22201
3136652,22202
5007695,22203
3502200,22210
2411502,22216
4114302,22220
2905008,22236
3118403,22242
4208500,22250
1301803,22254
4322202,22281
5220207,22283
3553807,22291
1100254,22319
3162708,22319
5001003,22320
2306108,22324
5004700,22341
3113008,22343
4105904,22345
2600807,22353
3202454,22366
4202107,22386
2924801,22399
2908903,22401
3553302,22406
2807600,22434
2301604,22445
2304251,22479
2404200,22481
2911105,22528
1100338,22546
4205456,22548
2918357,22549
3147402,22563
2703809,22575
3556305,22576
2912707,22598
2914406,22601
1721208,22619
2201903,22629
2702355,22641
2110039,22644
2600302,22679
2103802,22681
2708303,22686
3100203,22690
3538907,22704
4313375,22716
3303955,22719
2108256,22732
3105103,22734
3109303,22737
2608750,22760
3134905,22772
1302553,22801
3132701,22809
4322806,22810
4309407,22814
1301605,22817
4313300,22830
2112456,22846
3301876,22851
3124203,22856
2925956,22874
2609709,22878
2102309,22899
3302106,22899
1507706,22904
2512903,22976
1507904,23001
5217302,23006
4315305,23021
1506609,23026
3117306,23043
2707107,23045
2915809,23089
1507151,23130
5002100,23181
2507002,23192
1709302,23200
1301308,23206
3202108,23212
3129509,23218
2703205,23292
5215702,23338
3113206,23346
3520004,23362
3509403,23371
4117305,23380
2605004,23390
3106309,23397
4123501,23413
4119400,23424
3501301,23513
2908606,23620
4321808,23726
2910404,23766
2607752,23769
2408201,23784
2705101,23785
3204054,23794
4319604,23798
2307403,23807
2305308,23808
2706406,23811
5200308,23814
3154002,23818
2501104,23829
5000708,23835
2704005,23836
3148707,23839
3205010,23843
2925758,23846
3525201,23847
4321709,23848
3547601,23862
1501105,23864
4103602,23886
4111258,23887
3204104,23895
3156908,23896
3200409,23902
3162005,23906
3119104,23914
2609006,23925
1301159,23930
1505650,23934
2100303,23952
2102804,23959
4321907,23965
4322707,23983
2309458,24007
3521804,24008
5217104,24026
2611309,24046
3553401,24055
2906204,24067
2304954,24091
2932507,24110
3135803,24131
2922904,24136
2401453,24182
2611507,24186
3169604,24188
5214507,24210
3529203,24219
2912103,24272
1400472,24279
2604601,24282
2932002,24294
3130903,24294
4304663,24298
2914901,24318
5005004,24346
1100015,24392
2922102,24395
2615805,24425
2106755,24427
1303700,24481
2506905,24481
2925006,24481
2603702,24521
2303808,24527
4306908,24534
5203302,24554
2933000,24560
2301703,24566
2403608,24569
2112605,24573
2804607,24580
2100436,24599
2925808,24602
2920502,24613
3302908,24642
3203056,24678
2801207,24686
3539202,24694
2705002,24698
4102109,24698
2307809,24703
2205805,24721
5208905,24727
5210109,24735
2928208,24750
1500701,24759
3514106,24761
1504505,24808
4201307,24810
4216503,24812
4104253,24843
2105427,24863
2615003,24903
3126703,24912
2111102,24928
2923100,24943
3101102,24959
3537404,24962
2800605,24976
2932309,25004
1504000,25021
1503077,25034
1500347,25057
3162906,25057
3520442,25064
3538600,25116
1505031,25124
5103353,25124
4212502,25141
2105104,25145
4121703,25172
2703106,25188
2901106,25190
3502705,25191
4304804,25192
3123601,25220
3512209,25229
3526407,25251
2100709,25291
5105622,25299
3151404,25311
2401107,25315
3300506,25333
3162401,25358
2301208,25391
2104677,25401
2202901,25407
2709400,25407
2907301,25408
2913200,25424
2313203,25451
4318507,25503
2901205,25516
2800670,25533
3162922,25537
2305605,25573
1507458,25587
5005608,25595
2610202,25645
2919157,25646
5104807,25647
1501907,25695
2709202,25702
2913507,25705
2707305,25708
4219705,25713
1300409,25718
1303569,25719
3144607,25733
2911907,25736
5002407,25767
4125704,25769
3116605,25771
1301001,25774
2201507,25774
2701001,25776
4322004,25793
3152808,25802
3165537,25814
3518305,25844
4101606,25855
2508307,25900
3203403,25902
3160405,25975
1505700,25999
3118809,26033
2202703,26036
4321303,26092
2615607,26116
5211206,26125
2105005,26189
2928406,26250
2607505,26256
4216305,26260
2927705,26264
3304003,26314
2109452,26327
3303856,26359
5103254,26381
3551603,26387
2303204,26393
3537909,26406
2311603,26415
2614600,26427
2312700,26469
2921203,26475
2110609,26476
3547502,26478
1501956,26484
3110608,26488
2302701,26506
1500958,26546
2603207,26577
2906873,26577
2917300,26591
1504406,26605
4217709,26613
4116901,26615
3144003,26661
1507003,26674
2307106,26688
2516003,26693
2705507,26710
1502152,26716
1504604,26731
3303005,26843
2803609,26902
3109402,26922
2606606,26954
2704203,26992
2102200,27013
4209003,27020
2511202,27032
3139607,27111
4308201,27126
2805604,27146
1303536,27175
2925907,27228
3158953,27265
4321451,27272
2922508,27274
3502903,27299
1504455,27328
3203007,27328
1300508,27355
1505437,27359
2309409,27453
1508035,27455
2914505,27466
3530102,27483
4311304,27525
3119302,27547
2208304,27553
3300233,27560
4306403,27572
5102637,27577
3111606,27600
2925501,27627
2928901,27659
5215603,27671
3300258,27715
2409407,27745
4213203,27759
2923803,27778
3202306,27851
3140704,27856
3157203,27876
1504059,27904
2605905,27912
2906709,27918
4311007,27931
3520103,27952
2112100,27997
2905909,28090
2607307,28120
3520400,28196
1502756,28216
3521002,28300
3510807,28307
2308302,28316
3169356,28318
3509254,28372
1504307,28376
2907103,28380
2914653,28390
2205706,28406
3105400,28442
3201605,28449
2805703,28451
4110102,28455
2102036,28459
3538808,28475
2500304,28479
2101004,28488
3505609,28496
1502806,28549
3506607,28575
1505205,28595
3125101,28599
2610509,28628
4117909,28683
1100098,28729
3526209,28737
2704500,28749
4109708,28751
2504306,28759
5217401,28762
3302254,28783
3542206,28804
3520301,28841
4308508,28843
2922300,28899
2407203,28954
4108601,29018
4202800,29018
2606101,29019
1503101,29062
3200805,29081
3155603,29099
3152006,29105
3531902,29116
2110104,29191
2313104,29204
3546603,29239
2605707,29285
1506005,29349
4115705,29428
3544004,29501
2923704,29504
3114303,29735
1507201,29846
3510005,29884
2927200,29887
3546306,29932
2312007,29946
5220108,30034
2310258,30041
4320800,30044
2708402,30088
3508603,30091
2908507,30123
4304200,30171
4119301,30208
2911204,30336
2917706,30343
2803203,30419
1503093,30436
3518206,30597
4120903,30605
4307807,30619
1300706,30632
2926400,30646
4122206,30650
5007208,30663
1301407,30665
4308607,30689
1303106,30696
4108809,30704
3145307,30725
2616308,30732
3305752,30732
3519303,30734
2608107,30743
2801306,30761
5103205,30766
3200201,30768
4113304,30777
3141801,30794
2609501,30796
5106422,30812
1705508,30838
2509701,30852
2603009,30873
2302305,30878
2513901,30879
2805406,30880
2402204,30916
3168002,30917
3534609,30917
4314803,30920
4218004,30960
2309300,30965
3202801,30988
4317301,30990
2106607,31015
3513702,31056
2100477,31057
2414407,31089
2307502,31090
3200102,31091
2506004,31095
3124302,31113
1100130,31135
2108504,31152
5213087,31154
3108602,31213
2112902,31217
2909307,31249
3128006,31262
4122305,31274
5210208,31274
2310308,31309
1702208,31329
1503507,31364
5218300,31419
1303908,31422
3550209,31450
2905602,31472
3146008,31568
5102678,31589
3505203,31593
2310209,31636
2605301,31636
2930154,31638
5106224,31649
2113009,31658
4310108,31660
3550407,31662
3513108,31691
2100956,31702
2106904,31738
5106505,31779
1502954,31786
2313609,31787
5101704,31793
4111506,31816
3162104,31819
2613602,31829
3201902,31847
3204708,31859
3151503,31883
4114807,31959
2708808,32010
2904902,32026
4109609,32095
2512101,32110
4117701,32123
1300300,32135
3500303,32148
5003306,32159
2909901,32168
3132503,32175
4102406,32184
5104104,32216
2405801,32227
2307007,32236
2916500,32261
4309100,32273
2206209,32289
3113305,32296
2907806,32300
2210607,32327
2906303,32336
2110203,32366
1100452,32383
1200302,32412
2708501,32412
2611002,32492
5209101,32492
2804508,32497
4112009,32606
2613503,32617
4119608,32638
2103703,32652
4114203,32658
1301100,32734
3305000,32747
3525706,32763
5105101,32791
2910602,32802
4203600,32824
2924405,32860
2906808,32908
4102000,33025
2925204,33066
2600401,33095
2926301,33172
2929206,33183
2929305,33283
2706901,33305
2302107,33321
2102101,33359
1300607,33411
4213609,33493
3135050,33587
2110708,33607
1500503,33614
1508084,33690
4302808,33690
2614105,33787
3500105,33797
1100189,33822
2928000,33838
2605103,33855
2112407,33933
3141108,33955
1505908,33956
3109006,33973
5208806,34060
3203320,34140
3204559,34176
1504901,34204
2108306,34267
2308401,34274
1502905,34294
4313706,34328
4306767,34343
3101508,34349
2901007,34351
2306900,34409
3306206,34410
3134400,34456
3501707,34478
3500709,34524
4205506,34553
4318903,34556
2107803,34586
4321501,34656
5000609,34730
3201407,34747
2401008,34763
2902906,34788
3112307,34803
3130101,34851
1300805,34961
3502507,35007
1500305,35042
2600104,35088
2602001,35158
2921708,35164
4206504,35172
2905800,35180
2308005,35191
3505302,35246
3145901,35268
2613107,35274
3539509,35307
4305355,35320
3301306,35347
5210406,35371
2607653,35398
2310704,35400
3300605,35411
3518602,35486
2408300,35490
2615409,35554
1200609,35590
2207009,35640
3541604,35674
2411205,35797
3170800,35809
2306256,35817
2104057,35835
1503200,35887
4117503,35936
3103405,36013
2922003,36026
2917003,36113
4107207,36179
2913705,36306
4217204,36306
4311809,36364
3302601,36456
5219308,36469
3533502,36593
3104205,36597
2702900,36600
2608800,36628
3552106,36686
4218202,36774
3554508,36835
1501204,36882
5221601,36929
2205508,37085
3527306,37125
2927002,37164
3102605,37270
3517406,37404
5005400,37405
2600708,37415
1506203,37421
2930204,37425
2306553,37471
2207900,37496
3303807,37533
3304805,37543
2602308,37566
2933208,37567
4315701,37591
3152204,37627
3525102,37661
2918100,37680
1302405,37701
4204806,37748
3159605,37754
2203701,37767
2305001,37775
2604205,37820
2602209,37826
2305902,37862
1303809,37896
3541505,37910
1100155,37928
2100600,37932
3172004,37942
1200500,38029
4313904,38058
4310603,38159
3550100,38342
2314003,38434
3107109,38516
2923001,38556
3139003,38688
3524105,38695
2807105,38702
4104006,38769
3101706,38775
2200400,38822
3551504,38878
4306601,38898
2803005,38910
2926004,38957
2102002,39049
2111508,39093
2109809,39110
4111803,39121
2103505,39132
3157005,39178
2112308,39183
4304408,39229
2300754,39232
5105150,39255
3556404,39266
2612604,39435
2108207,39448
3145604,39466
2109601,39576
3511508,39617
4317608,39685
4316402,39707
2412203,39776
3534302,39781
4215000,39846
2910503,39872
1600279,39942
1505486,39979
3522703,40051
1506195,40087
3545308,40132
4207304,40170
2921005,40183
5006309,40192
2600500,40235
3540200,40244
2305803,40296
2614204,40296
2928109,40309
1500909,40497
1508407,40573
3304706,40589
3200904,40649
2601409,40732
2110500,40736
3110004,40750
1301852,40781
3144300,40834
4313508,40906
3554805,40984
2512507,41049
3303708,41084
2709152,41152
4125605,41257
3541307,41318
3304755,41354
5106752,41408
5213806,41460
3536703,41497
3537107,41558
4321600,41585
3508405,41604
1100106,41656
3163706,41657
2929909,41798
4115804,41817
5211800,41870
2310506,41890
3515186,41907
4304630,42040
5007901,42132
2929503,42153
3535507,42278
2508901,42303
5218003,42355
5214606,42361
2100907,42505
4216206,42520
4307609,42574
2403103,42652
2211100,42654
2308500,42690
2919504,42693
4124103,42707
2312205,42763
2920601,42815
4117602,42888
3556453,42997
4318804,43111
3516705,43115
5218508,43220
3528403,43223
3514403,43258
1508126,43341
2312403,43890
3546405,43921
3544103,43974
4219507,44128
3503802,44177
2312304,44178
1301704,44227
2308104,44240
3524709,44311
2700409,44322
2913903,44390
1716109,44417
2611804,44439
2925105,44701
2109106,44731
1508159,44789
2201200,44850
3524006,44859
2708006,44932
4113205,44932
2202208,45177
2602605,45180
2302503,45193
3136306,45260
3131901,45449
2602100,45503
2933604,45536
5105259,45556
1502707,45557
5006200,45585
5001102,45614
3107406,45624
3143104,45772
4208302,45797
3121605,45880
2704708,45977
3137205,45984
3203908,46031
2304285,46033
2105708,46083
3510203,46178
3160702,46284
3531100,46293
5005707,46424
3549409,46512
5206206,46580
3531308,46642
3107307,46654
2103406,46750
4114609,46819
4106407,46928
1506187,46964
3524808,47012
1302702,47017
2919801,47051
1503903,47086
3303609,47124
4219309,47188
2905206,47515
2926608,47518
3506359,47645
3509700,47789
2928802,47880
1508209,47889
3523206,47934
2807402,48040
2702405,48096
4109807,48198
5210000,48246
3507001,48314
2306306,48350
3118007,48519
3510401,48576
4120606,48792
3540606,48893
3531803,48949
4317400,49071
1718204,49146
5100250,49164
2302206,49311
2902708,49325
1505106,49333
2112704,49412
3128709,49430
2112803,49496
3533908,50024
2515302,50143
2114007,50173
3546801,50453
1100288,50648
2701407,50816
2917607,51011
2907509,51077
3138401,51130
2300309,51160
1503705,51220
3533403,51242
1503457,51309
1502939,51319
2610608,51357
1503804,51360
3540705,51400
2313500,51422
3301850,51483
4314050,51502
3111200,51544
4209409,51562
1507607,51567
1501501,51651
2902104,51651
1502301,51893
3549706,51900
1100114,52005
5107040,52066
2602803,52105
2702306,52130
3537800,52143
1505809,52172
1302900,52236
1304062,52272
2921500,52338
2931905,52418
1501782,52493
2302404,52498
3137601,52520
1500404,52626
2304707,52645
4128203,52735
4203808,52765
2112506,52788
4210100,52912
5213103,52935
3519600,53158
2400208,53227
2613008,53242
4304507,53259
3151206,53368
3127107,53468
1500206,53569
3530300,53792
2615300,53825
3161106,53828
3169406,53860
3553708,53988
3140001,54219
3542602,54261
3300803,54273
2708600,54577
4321204,54643
4207502,54854
2101707,54930
2314102,54955
2305233,55187
2301901,55323
2506301,55326
3502101,55334
2608909,55439
1504802,55462
3304300,55551
2313302,55716
5205497,55915
1506708,56153
4110706,56207
2307601,56264
2910701,56289
3505906,56476
1508001,56518
5101803,56560
2612208,56629
2609402,56696
1508308,56716
3152105,57390
2300200,57551
2203909,57690
2928604,57800
4122404,57862
2503209,57944
4205902,57981
1503309,58077
4202305,58206
2503704,58446
3537305,58510
2614501,58515
2909802,58606
2601904,58668
3149309,58740
3512803,58827
4207007,58833
4304705,59317
2914000,59343
4312401,59415
1506500,59466
2610004,59526
5208608,59549
3537602,59773
4303905,60074
2919553,60105
2302602,60158
3124104,60271
2706703,60378
4318309,60425
4211306,60556
4214805,61198
4201406,61310
4322509,61342
3526803,61428
1304203,61453
2914703,61631
4318002,61671
2103604,61725
2208403,61834
2309607,61838
2908408,62040
1505064,62050
2308708,62065
2104800,62093
2105401,62110
2709301,62358
4203204,62361
2402006,62709
4303509,62764
3515103,62769
1505304,62794
4306106,62821
2610905,62931
2915601,63069
5219753,63248
3555000,63476
2903904,63480
2605202,63517
3556701,63611
4307906,63635
1502202,63639
3509205,64114
2609907,64358
2802106,64409
2904605,64602
3515509,64696
2907202,64940
3164704,64980
3205101,65001
3126109,65128
2102325,65237
2305407,65456
3135209,65463
2516201,65803
3501905,65829
4322608,65946
2303501,66142
2914604,66181
3530508,66290
2910057,66440
5107925,66521
2906006,66616
3135100,66803
4104907,67084
2402600,68141
2916401,68273
2707701,68481
3522604,68537
4317202,68587
4204301,68621
2601201,68793
2313401,68892
2301109,69159
2407104,69467
3115300,69757
2311801,69833
4127106,69872
4105508,69958
1504703,70018
3539301,70081
3146107,70281
2706307,70368
5204508,70473
4203006,70762
3519709,71217
3527108,71432
4311403,71445
3524303,71662
3306107,71843
2311405,71887
3171303,72220
2309706,72299
4118501,72370
2601706,72432
2301000,72628
3169307,72765
2304103,72812
2103208,73350
2208007,73414
3136207,73610
3145208,73699
3101607,73774
3550704,73942
2110005,74043
3509601,74074
3120904,74219
3305505,74234
2930105,74419
2302800,74473
4215802,74801
2604007,74858
3503901,74905
4319901,74985
3506102,75035
1506138,75556
2606200,75644
1301209,75965
1100304,76202
4317509,76275
2606408,76458
1709500,76755
2930501,76762
3529302,76786
3513405,77039
2109908,77282
2601102,77302
3306008,77432
3170404,77565
4300406,77653
5006606,77872
2108603,78162
3305554,78186
1200203,78507
1100049,78574
3555406,78801
3550605,78821
2911709,78833
2806701,78864
4310207,78915
4108403,78943
2613909,79232
2917508,79247
1507953,79297
3139409,79574
2311306,80604
2607208,80637
4307708,80755
3528502,80956
3144805,80998
3168705,81243
4118402,81590
5217609,81649
4107652,81675
3200607,81832
3536505,82146
4317103,82464
3148103,82471
3527207,82537
2101608,82830
4126256,82847
3504503,82934
2906501,83158
5107958,83431
2101400,83528
3549102,83639
4303004,83827
3147105,84215
5220454,84443
3162500,84469
3557105,84692
3147006,84718
3508504,84752
1302504,85141
3113404,85239
3133808,85463
3530805,86505
3509007,86529
5205109,86647
1301902,86839
2802908,86967
3522109,87057
4104303,87194
2612505,87582
2412005,87668
3522406,87753
3305208,87875
5102504,87942
5211909,88006
2932903,88673
1100023,90353
3132404,90658
2928703,90985
1507300,91340
3526704,91756
3138203,92200
1501808,92860
5211503,92883
4119509,93207
3104007,93672
2600054,94429
3300308,94778
2803500,94861
5215231,95018
3504008,95144
4309308,95204
3302270,95492
3302205,95841
4307005,96087
2305506,96495
4103701,96733
1508100,97128
3134202,97171
4218707,97235
1503606,97493
1505502,97819
1500602,99075
2501807,99716
1501303,99859
2101202,100014
5208004,100085
2910727,100196
2510808,100674
4128104,100676
3143906,100765
3510500,100840
1600600,101262
3523404,101471
3169901,101519
5008305,101791
2606804,102021
1303403,102033
2613701,102895
3534708,103035
4100400,103204
3119401,103694
5003207,103703
2100055,104047
4101507,104150
5221403,104488
3171204,104527
2107506,105121
3202405,105286
4202909,105503
3545209,105516
3304524,105676
3539806,106013
3147907,106290
3556206,106793
3556503,107089
4302105,107278
3554003,107326
4202008,108089
1504422,108246
3525003,108344
2924009,108396
3506508,108728
3557006,108809
3547304,108813
3204906,109028
3302007,109091
3131703,109783
3103504,109801
3551702,110074
3201506,111788
3300209,112008
3518404,112072
3505500,112101
4104204,112377
3511102,112820
3543303,113068
5107909,113099
1501709,113227
2307700,113561
2306405,116065
3118304,116512
1100122,116610
4301602,116794
4119152,117008
2103307,118038
2930709,118047
4303103,118278
4316808,118374
3513504,118720
3503307,118843
4101804,119123
4127700,119313
3304201,119769
2513703,120310
1502103,120896
4101408,120919
2304202,121428
3170701,123081
4322400,125435
3156700,126269
3105608,126284
3504107,126603
2925303,126929
3507506,127328
3302700,127461
2606002,129408
2616407,129974
3152501,130615
4320008,130957
3525300,131040
3516408,131604
5221858,132982
3168606,134745
3530706,137245
4211900,137334
2903201,137427
3304144,137962
2931350,138341
3148004,138710
4118204,140469
1500107,141100
3203205,141306
2900702,141949
4208906,143123
3522307,144377
2603454,144466
2207702,145705
3507605,146744
3538006,146995
3548807,149263
1702109,150484
2918001,151895
3151800,152435
3522208,152614
1505536,153908
3523909,154147
3516309,154472
2103000,155129
2112209,155460
4209300,156727
3303203,157425
3129806,158954
5200258,159378
2804805,160827
2111201,163045
2919207,163449
3305802,163746
4109401,167328
3515707,168306
3302858,168376
3300100,169511
1502400,173149
5212501,174531
5218805,176424
3300407,177813
3545803,180009
3502804,181579
3303401,182082
4208203,183373
4204202,183530
2913606,184236
4314100,184826
2602902,185025
3300704,186227
3543907,186253
2312908,188233
3201209,189889
4204608,192308
3519071,192692
5107602,195476
4300604,195673
5003702,196035
4315602,197228
2918407,197965
3522505,200769
3513009,201150
3520509,201619
2403251,202456
3157807,202942
2914802,204667
3302403,206728
3541406,207610
3503208,208662
2307650,209057
4216602,209804
3501608,210638
3524402,211214
4105805,212967
3122306,213016
2700300,214006
4318705,214087
3167202,214152
3529005,216745
3301900,218008
3548906,221950
3302502,227322
1721000,228332
1504208,233669
4313409,238940
4323002,239384
3131307,239468
3515004,240230
3505708,240749
3552403,241311
2905701,242970
3552809,244528
2105302,247505
2307304,249939
5108402,252596
4309209,255660
4108304,256088
3306305,257803
2408003,259815
4316907,261031
3541000,262051
3552502,262480
3127701,263689
4125506,264210
3526902,276022
3554102,278686
1400100,284313
4104808,286205
3518701,290752
2611101,293962
1506807,294580
3303906,295917
3170107,295988
3154606,296317
2610707,300466
2933307,306866
4202404,309011
4119905,311611
2604106,314912
3516200,318640
3523107,321770
4304606,323827
2303709,325441
3205309,327801
4314407,328275
3551009,332445
5201108,334613
1200401,336038
3506003,343937
3201308,348738
4115200,357077
3143302,361915
3538709,364571
3510609,369584
3525904,370126
2609600,377779
3106705,378089
2504009,385213
3513801,386089
3530607,387779
1600303,398204
3549805,408258
3205002,409267
3205200,414586
3529401,417064
3548500,419400
4205407,421240
1100205,428527
4305108,435564
5201405,455657
3305109,458673
3301009,463731
3300456,469332
1500800,471980
3303302,487562
4113700,506701
4209102,515288
3136702,516247
5103403,551098
2910800,556642
2800308,571149
3552205,586625
3118601,603442
3170206,604013
3543402,604682
3549904,629921
2607901,644620
3534401,666740
3547809,676407
2507507,723515
3548708,765463
5002704,786797
3303500,796257
2408102,803739
2211001,814230
3301702,855048
2704302,932748
3304904,999728
2111300,1014837
3509502,1080113
3518800,1221979
5208707,1302001
1501402,1393399
4314902,1409351
2611606,1537704
4106902,1751907
1302603,1802014
3106200,2375151
2304400,2452185
5300108,2570160
2927408,2675656
3304557,6320446
3550308,11253503
